CountryName,CountryCode,RegionName,RegionCode,Jurisdiction,Date,C1_School closing,C1_Flag,C2_Workplace closing,C2_Flag,C3_Cancel public events,C3_Flag,C4_Restrictions on gatherings,C4_Flag,C5_Close public transport,C5_Flag,C6_Stay at home requirements,C6_Flag,C7_Restrictions on internal movement,C7_Flag,C8_International travel controls,E1_Income support,E1_Flag,E2_Debt/contract relief,E3_Fiscal measures,E4_International support,H1_Public information campaigns,H1_Flag,H2_Testing policy,H3_Contact tracing,H4_Emergency investment in healthcare,H5_Investment in vaccines,H6_Facial Coverings,H6_Flag,H7_Vaccination policy,H7_Flag,M1_Wildcard,ConfirmedCases,ConfirmedDeaths,StringencyIndex,StringencyIndexForDisplay,StringencyLegacyIndex,StringencyLegacyIndexForDisplay,GovernmentResponseIndex,GovernmentResponseIndexForDisplay,ContainmentHealthIndex,ContainmentHealthIndexForDisplay,EconomicSupportIndex,EconomicSupportIndexForDisplay
Indonesia,IDN,NA,NA,NAT_TOTAL,20200101,0,NA,0,NA,0,NA,0,NA,0,NA,0,NA,0,NA,0,0,NA,0,0,0,0,NA,0,0,0,0,0,NA,0,NA,NA,NA,NA,0,0,0,0,0,0,0,0,0,0
Indonesia,IDN,NA,NA,NAT_TOTAL,20200102,0,NA,0,NA,0,NA,0,NA,0,NA,0,NA,0,NA,0,0,NA,0,0,0,0,NA,0,0,0,0,0,NA,0,NA,NA,NA,NA,0,0,0,0,0,0,0,0,0,0
Indonesia,IDN,NA,NA,NAT_TOTAL,20200103,0,NA,0,NA,0,NA,0,NA,0,NA,0,NA,0,NA,0,0,NA,0,0,0,1,1,0,0,0,0,0,NA,0,NA,NA,NA,NA,5.56,5.56,9.52,9.52,3.33,3.33,3.85,3.85,0,0
Indonesia,IDN,NA,NA,NAT_TOTAL,20200104,0,NA,0,NA,0,NA,0,NA,0,NA,0,NA,0,NA,0,0,NA,0,0,0,1,1,0,0,0,0,0,NA,0,NA,NA,NA,NA,5.56,5.56,9.52,9.52,3.33,3.33,3.85,3.85,0,0
Indonesia,IDN,NA,NA,NAT_TOTAL,20200105,0,NA,0,NA,0,NA,0,NA,0,NA,0,NA,0,NA,0,0,NA,0,0,0,1,1,0,0,0,0,0,NA,0,NA,NA,NA,NA,5.56,5.56,9.52,9.52,3.33,3.33,3.85,3.85,0,0
Indonesia,IDN,NA,NA,NAT_TOTAL,20200106,0,NA,0,NA,0,NA,0,NA,0,NA,0,NA,0,NA,0,0,NA,0,0,0,1,1,0,0,0,0,0,NA,0,NA,NA,NA,NA,5.56,5.56,9.52,9.52,3.33,3.33,3.85,3.85,0,0
Indonesia,IDN,NA,NA,NAT_TOTAL,20200107,0,NA,0,NA,0,NA,0,NA,0,NA,0,NA,0,NA,0,0,NA,0,0,0,1,1,0,0,0,0,0,NA,0,NA,NA,NA,NA,5.56,5.56,9.52,9.52,3.33,3.33,3.85,3.85,0,0
Indonesia,IDN,NA,NA,NAT_TOTAL,20200108,0,NA,0,NA,0,NA,0,NA,0,NA,0,NA,0,NA,0,0,NA,0,0,0,1,1,0,0,0,0,0,NA,0,NA,NA,NA,NA,5.56,5.56,9.52,9.52,3.33,3.33,3.85,3.85,0,0
Indonesia,IDN,NA,NA,NAT_TOTAL,20200109,0,NA,0,NA,0,NA,0,NA,0,NA,0,NA,0,NA,0,0,NA,0,0,0,1,1,0,0,0,0,0,NA,0,NA,NA,NA,NA,5.56,5.56,9.52,9.52,3.33,3.33,3.85,3.85,0,0
Indonesia,IDN,NA,NA,NAT_TOTAL,20200110,0,NA,0,NA,0,NA,0,NA,0,NA,0,NA,0,NA,0,0,NA,0,0,0,1,1,0,0,0,0,0,NA,0,NA,NA,NA,NA,5.56,5.56,9.52,9.52,3.33,3.33,3.85,3.85,0,0
Indonesia,IDN,NA,NA,NAT_TOTAL,20200111,0,NA,0,NA,0,NA,0,NA,0,NA,0,NA,0,NA,0,0,NA,0,0,0,1,1,0,0,0,0,0,NA,0,NA,NA,NA,NA,5.56,5.56,9.52,9.52,3.33,3.33,3.85,3.85,0,0
Indonesia,IDN,NA,NA,NAT_TOTAL,20200112,0,NA,0,NA,0,NA,0,NA,0,NA,0,NA,0,NA,0,0,NA,0,0,0,1,1,0,0,0,0,0,NA,0,NA,NA,NA,NA,5.56,5.56,9.52,9.52,3.33,3.33,3.85,3.85,0,0
Indonesia,IDN,NA,NA,NAT_TOTAL,20200113,0,NA,0,NA,0,NA,0,NA,0,NA,0,NA,0,NA,0,0,NA,0,0,0,1,1,0,0,0,0,0,NA,0,NA,NA,NA,NA,5.56,5.56,9.52,9.52,3.33,3.33,3.85,3.85,0,0
Indonesia,IDN,NA,NA,NAT_TOTAL,20200114,0,NA,0,NA,0,NA,0,NA,0,NA,0,NA,0,NA,0,0,NA,0,0,0,1,1,0,0,0,0,0,NA,0,NA,NA,NA,NA,5.56,5.56,9.52,9.52,3.33,3.33,3.85,3.85,0,0
Indonesia,IDN,NA,NA,NAT_TOTAL,20200115,0,NA,0,NA,0,NA,0,NA,0,NA,0,NA,0,NA,0,0,NA,0,0,0,1,1,0,0,0,0,0,NA,0,NA,NA,NA,NA,5.56,5.56,9.52,9.52,3.33,3.33,3.85,3.85,0,0
Indonesia,IDN,NA,NA,NAT_TOTAL,20200116,0,NA,0,NA,0,NA,0,NA,0,NA,0,NA,0,NA,0,0,NA,0,0,0,1,1,0,0,0,0,0,NA,0,NA,NA,NA,NA,5.56,5.56,9.52,9.52,3.33,3.33,3.85,3.85,0,0
Indonesia,IDN,NA,NA,NAT_TOTAL,20200117,0,NA,0,NA,0,NA,0,NA,0,NA,0,NA,0,NA,0,0,NA,0,0,0,1,1,0,0,0,0,0,NA,0,NA,NA,NA,NA,5.56,5.56,9.52,9.52,3.33,3.33,3.85,3.85,0,0
Indonesia,IDN,NA,NA,NAT_TOTAL,20200118,0,NA,0,NA,0,NA,0,NA,0,NA,0,NA,0,NA,1,0,NA,0,0,0,1,1,0,0,0,0,0,NA,0,NA,NA,NA,NA,8.33,8.33,13.1,13.1,5,5,5.77,5.77,0,0
Indonesia,IDN,NA,NA,NAT_TOTAL,20200119,0,NA,0,NA,0,NA,0,NA,0,NA,0,NA,0,NA,1,0,NA,0,0,0,1,1,0,0,0,0,0,NA,0,NA,NA,NA,NA,8.33,8.33,13.1,13.1,5,5,5.77,5.77,0,0
Indonesia,IDN,NA,NA,NAT_TOTAL,20200120,0,NA,0,NA,0,NA,0,NA,0,NA,0,NA,0,NA,1,0,NA,0,0,0,1,1,0,0,0,0,0,NA,0,NA,NA,NA,NA,8.33,8.33,13.1,13.1,5,5,5.77,5.77,0,0
Indonesia,IDN,NA,NA,NAT_TOTAL,20200121,0,NA,0,NA,0,NA,0,NA,0,NA,0,NA,0,NA,1,0,NA,0,0,0,1,1,0,0,0,0,0,NA,0,NA,NA,NA,NA,8.33,8.33,13.1,13.1,5,5,5.77,5.77,0,0
Indonesia,IDN,NA,NA,NAT_TOTAL,20200122,0,NA,0,NA,0,NA,0,NA,0,NA,0,NA,0,NA,1,0,NA,0,0,0,1,1,0,0,0,0,0,NA,0,NA,NA,0,0,8.33,8.33,13.1,13.1,5,5,5.77,5.77,0,0
Indonesia,IDN,NA,NA,NAT_TOTAL,20200123,0,NA,0,NA,0,NA,0,NA,0,NA,0,NA,0,NA,1,0,NA,0,0,0,1,1,0,0,0,0,0,NA,0,NA,NA,0,0,8.33,8.33,13.1,13.1,5,5,5.77,5.77,0,0
Indonesia,IDN,NA,NA,NAT_TOTAL,20200124,0,NA,0,NA,0,NA,0,NA,0,NA,0,NA,0,NA,1,0,NA,0,0,0,1,1,0,0,0,0,0,NA,0,NA,NA,0,0,8.33,8.33,13.1,13.1,5,5,5.77,5.77,0,0
Indonesia,IDN,NA,NA,NAT_TOTAL,20200125,0,NA,0,NA,0,NA,0,NA,0,NA,0,NA,0,NA,1,0,NA,0,0,0,1,1,0,0,0,0,0,NA,0,NA,NA,0,0,8.33,8.33,13.1,13.1,5,5,5.77,5.77,0,0
Indonesia,IDN,NA,NA,NAT_TOTAL,20200126,0,NA,0,NA,0,NA,0,NA,0,NA,0,NA,0,NA,1,0,NA,0,0,0,1,1,0,0,0,0,0,NA,0,NA,NA,0,0,8.33,8.33,13.1,13.1,5,5,5.77,5.77,0,0
Indonesia,IDN,NA,NA,NAT_TOTAL,20200127,0,NA,0,NA,0,NA,0,NA,0,NA,0,NA,0,NA,1,0,NA,0,0,0,1,1,0,0,0,0,0,NA,0,NA,NA,0,0,8.33,8.33,13.1,13.1,5,5,5.77,5.77,0,0
Indonesia,IDN,NA,NA,NAT_TOTAL,20200128,0,NA,0,NA,0,NA,0,NA,0,NA,0,NA,0,NA,1,0,NA,0,0,0,1,1,0,0,0,0,0,NA,0,NA,NA,0,0,8.33,8.33,13.1,13.1,5,5,5.77,5.77,0,0
Indonesia,IDN,NA,NA,NAT_TOTAL,20200129,0,NA,0,NA,0,NA,0,NA,0,NA,0,NA,0,NA,1,0,NA,0,0,0,2,1,0,0,0,0,0,NA,0,NA,NA,0,0,13.89,13.89,17.86,17.86,8.33,8.33,9.62,9.62,0,0
Indonesia,IDN,NA,NA,NAT_TOTAL,20200130,0,NA,0,NA,0,NA,0,NA,0,NA,0,NA,0,NA,1,0,NA,0,0,0,2,1,0,0,0,0,0,NA,0,NA,NA,0,0,13.89,13.89,17.86,17.86,8.33,8.33,9.62,9.62,0,0
Indonesia,IDN,NA,NA,NAT_TOTAL,20200131,0,NA,0,NA,0,NA,0,NA,0,NA,0,NA,0,NA,1,0,NA,0,0,0,2,1,0,0,0,0,0,NA,0,NA,NA,0,0,13.89,13.89,17.86,17.86,8.33,8.33,9.62,9.62,0,0
Indonesia,IDN,NA,NA,NAT_TOTAL,20200201,0,NA,0,NA,0,NA,0,NA,0,NA,0,NA,0,NA,1,0,NA,0,0,0,2,1,0,0,0,0,0,NA,0,NA,NA,0,0,13.89,13.89,17.86,17.86,8.33,8.33,9.62,9.62,0,0
Indonesia,IDN,NA,NA,NAT_TOTAL,20200202,0,NA,0,NA,0,NA,0,NA,0,NA,0,NA,0,NA,1,0,NA,0,0,0,2,1,0,0,0,0,0,NA,0,NA,NA,0,0,13.89,13.89,17.86,17.86,8.33,8.33,9.62,9.62,0,0
Indonesia,IDN,NA,NA,NAT_TOTAL,20200203,3,0,0,NA,0,NA,0,NA,0,NA,0,NA,0,NA,1,0,NA,0,0,0,2,1,0,0,0,0,0,NA,0,NA,NA,0,0,23.15,23.15,28.57,28.57,13.89,13.89,16.03,16.03,0,0
Indonesia,IDN,NA,NA,NAT_TOTAL,20200204,3,0,0,NA,0,NA,0,NA,0,NA,0,NA,0,NA,1,0,NA,0,0,0,2,1,0,0,0,0,0,NA,0,NA,NA,0,0,23.15,23.15,28.57,28.57,13.89,13.89,16.03,16.03,0,0
Indonesia,IDN,NA,NA,NAT_TOTAL,20200205,3,0,0,NA,0,NA,0,NA,0,NA,0,NA,0,NA,3,0,NA,0,0,0,2,1,0,0,0,0,0,NA,0,NA,NA,0,0,28.7,28.7,35.71,35.71,17.22,17.22,19.87,19.87,0,0
Indonesia,IDN,NA,NA,NAT_TOTAL,20200206,3,0,0,NA,0,NA,0,NA,0,NA,0,NA,0,NA,3,0,NA,0,0,0,2,1,0,0,0,0,0,NA,0,NA,NA,0,0,28.7,28.7,35.71,35.71,17.22,17.22,19.87,19.87,0,0
Indonesia,IDN,NA,NA,NAT_TOTAL,20200207,3,0,0,NA,0,NA,0,NA,0,NA,0,NA,0,NA,3,0,NA,0,0,0,2,1,0,0,0,0,0,NA,0,NA,NA,0,0,28.7,28.7,35.71,35.71,17.22,17.22,19.87,19.87,0,0
Indonesia,IDN,NA,NA,NAT_TOTAL,20200208,3,0,0,NA,0,NA,0,NA,0,NA,0,NA,0,NA,3,0,NA,0,0,0,2,1,0,0,0,0,0,NA,0,NA,NA,0,0,28.7,28.7,35.71,35.71,17.22,17.22,19.87,19.87,0,0
Indonesia,IDN,NA,NA,NAT_TOTAL,20200209,3,0,0,NA,0,NA,0,NA,0,NA,0,NA,0,NA,3,0,NA,0,0,0,2,1,0,0,0,0,0,NA,0,NA,NA,0,0,28.7,28.7,35.71,35.71,17.22,17.22,19.87,19.87,0,0
Indonesia,IDN,NA,NA,NAT_TOTAL,20200210,3,0,0,NA,0,NA,0,NA,0,NA,0,NA,0,NA,3,0,NA,0,0,0,2,1,0,0,0,0,0,NA,0,NA,NA,0,0,28.7,28.7,35.71,35.71,17.22,17.22,19.87,19.87,0,0
Indonesia,IDN,NA,NA,NAT_TOTAL,20200211,3,0,0,NA,0,NA,0,NA,0,NA,0,NA,0,NA,3,0,NA,0,0,0,2,1,0,0,0,0,0,NA,0,NA,NA,0,0,28.7,28.7,35.71,35.71,17.22,17.22,19.87,19.87,0,0
Indonesia,IDN,NA,NA,NAT_TOTAL,20200212,3,0,0,NA,0,NA,0,NA,0,NA,0,NA,0,NA,3,0,NA,0,0,0,2,1,0,0,0,0,0,NA,0,NA,NA,0,0,28.7,28.7,35.71,35.71,17.22,17.22,19.87,19.87,0,0
Indonesia,IDN,NA,NA,NAT_TOTAL,20200213,3,0,0,NA,0,NA,0,NA,0,NA,0,NA,0,NA,3,0,NA,0,0,0,2,1,0,0,0,0,0,NA,0,NA,NA,0,0,28.7,28.7,35.71,35.71,17.22,17.22,19.87,19.87,0,0
Indonesia,IDN,NA,NA,NAT_TOTAL,20200214,3,0,0,NA,0,NA,0,NA,0,NA,0,NA,0,NA,3,0,NA,0,0,0,2,1,0,0,0,0,0,NA,0,NA,NA,0,0,28.7,28.7,35.71,35.71,17.22,17.22,19.87,19.87,0,0
Indonesia,IDN,NA,NA,NAT_TOTAL,20200215,3,0,0,NA,0,NA,0,NA,0,NA,0,NA,0,NA,3,0,NA,0,0,0,2,1,0,0,0,0,0,NA,0,NA,NA,0,0,28.7,28.7,35.71,35.71,17.22,17.22,19.87,19.87,0,0
Indonesia,IDN,NA,NA,NAT_TOTAL,20200216,3,0,0,NA,0,NA,0,NA,0,NA,0,NA,0,NA,3,0,NA,0,0,0,2,1,0,0,0,0,0,NA,0,NA,NA,0,0,28.7,28.7,35.71,35.71,17.22,17.22,19.87,19.87,0,0
Indonesia,IDN,NA,NA,NAT_TOTAL,20200217,3,0,0,NA,0,NA,0,NA,0,NA,0,NA,0,NA,3,0,NA,0,0,0,2,1,1,0,0,0,0,NA,0,NA,NA,0,0,28.7,28.7,35.71,35.71,19.44,19.44,22.44,22.44,0,0
Indonesia,IDN,NA,NA,NAT_TOTAL,20200218,3,0,0,NA,0,NA,0,NA,0,NA,0,NA,0,NA,3,0,NA,0,0,0,2,1,1,0,0,0,0,NA,0,NA,NA,0,0,28.7,28.7,35.71,35.71,19.44,19.44,22.44,22.44,0,0
Indonesia,IDN,NA,NA,NAT_TOTAL,20200219,3,0,0,NA,0,NA,0,NA,0,NA,0,NA,0,NA,3,0,NA,0,0,0,2,1,1,0,0,0,0,NA,0,NA,NA,0,0,28.7,28.7,35.71,35.71,19.44,19.44,22.44,22.44,0,0
Indonesia,IDN,NA,NA,NAT_TOTAL,20200220,3,0,0,NA,0,NA,0,NA,0,NA,0,NA,0,NA,3,0,NA,0,0,0,2,1,1,0,0,0,0,NA,0,NA,NA,0,0,28.7,28.7,35.71,35.71,19.44,19.44,22.44,22.44,0,0
Indonesia,IDN,NA,NA,NAT_TOTAL,20200221,3,0,0,NA,0,NA,0,NA,0,NA,0,NA,0,NA,3,0,NA,0,0,0,2,1,1,0,0,0,0,NA,0,NA,NA,0,0,28.7,28.7,35.71,35.71,19.44,19.44,22.44,22.44,0,0
Indonesia,IDN,NA,NA,NAT_TOTAL,20200222,3,0,0,NA,0,NA,0,NA,0,NA,0,NA,0,NA,3,0,NA,0,0,0,2,1,1,0,0,0,0,NA,0,NA,NA,0,0,28.7,28.7,35.71,35.71,19.44,19.44,22.44,22.44,0,0
Indonesia,IDN,NA,NA,NAT_TOTAL,20200223,3,0,0,NA,0,NA,0,NA,0,NA,0,NA,0,NA,3,0,NA,0,0,0,2,1,1,0,0,0,0,NA,0,NA,NA,0,0,28.7,28.7,35.71,35.71,19.44,19.44,22.44,22.44,0,0
Indonesia,IDN,NA,NA,NAT_TOTAL,20200224,3,0,0,NA,0,NA,0,NA,0,NA,0,NA,0,NA,3,0,NA,0,0,0,2,1,1,0,0,0,0,NA,0,NA,NA,0,0,28.7,28.7,35.71,35.71,19.44,19.44,22.44,22.44,0,0
Indonesia,IDN,NA,NA,NAT_TOTAL,20200225,3,0,0,NA,0,NA,0,NA,0,NA,0,NA,0,NA,3,0,NA,0,0,0,2,1,1,0,0,0,0,NA,0,NA,NA,0,0,28.7,28.7,35.71,35.71,19.44,19.44,22.44,22.44,0,0
Indonesia,IDN,NA,NA,NAT_TOTAL,20200226,3,0,0,NA,0,NA,0,NA,0,NA,0,NA,0,NA,3,0,NA,0,0,0,2,1,1,0,0,0,0,NA,0,NA,NA,0,0,28.7,28.7,35.71,35.71,19.44,19.44,22.44,22.44,0,0
Indonesia,IDN,NA,NA,NAT_TOTAL,20200227,3,0,0,NA,0,NA,0,NA,0,NA,0,NA,0,NA,3,0,NA,0,0,0,2,1,1,0,0,0,0,NA,0,NA,NA,0,0,28.7,28.7,35.71,35.71,19.44,19.44,22.44,22.44,0,0
Indonesia,IDN,NA,NA,NAT_TOTAL,20200228,3,0,0,NA,0,NA,0,NA,0,NA,0,NA,0,NA,3,0,NA,0,0,0,2,1,1,0,0,0,0,NA,0,NA,NA,0,0,28.7,28.7,35.71,35.71,19.44,19.44,22.44,22.44,0,0
Indonesia,IDN,NA,NA,NAT_TOTAL,20200229,3,0,0,NA,0,NA,0,NA,0,NA,0,NA,0,NA,3,0,NA,0,0,0,2,1,1,0,0,0,0,NA,0,NA,NA,0,0,28.7,28.7,35.71,35.71,19.44,19.44,22.44,22.44,0,0
Indonesia,IDN,NA,NA,NAT_TOTAL,20200301,3,0,0,NA,0,NA,0,NA,0,NA,0,NA,0,NA,3,0,NA,0,0,0,2,1,1,0,0,0,0,NA,0,NA,NA,0,0,28.7,28.7,35.71,35.71,19.44,19.44,22.44,22.44,0,0
Indonesia,IDN,NA,NA,NAT_TOTAL,20200302,3,0,0,NA,0,NA,0,NA,0,NA,0,NA,0,NA,3,0,NA,0,0,0,2,1,1,0,0,0,0,NA,0,NA,NA,2,0,28.7,28.7,35.71,35.71,19.44,19.44,22.44,22.44,0,0
Indonesia,IDN,NA,NA,NAT_TOTAL,20200303,3,0,0,NA,2,0,0,NA,0,NA,0,NA,0,NA,3,0,NA,0,0,0,2,1,1,0,0,0,0,NA,0,NA,NA,2,0,37.04,37.04,45.24,45.24,24.44,24.44,28.21,28.21,0,0
Indonesia,IDN,NA,NA,NAT_TOTAL,20200304,3,0,0,NA,2,0,0,NA,0,NA,0,NA,0,NA,3,0,NA,0,0,0,2,1,1,0,0,0,0,NA,0,NA,NA,2,0,37.04,37.04,45.24,45.24,24.44,24.44,28.21,28.21,0,0
Indonesia,IDN,NA,NA,NAT_TOTAL,20200305,3,0,0,NA,2,0,0,NA,0,NA,0,NA,0,NA,3,0,NA,0,0,0,2,1,1,0,0,0,0,NA,0,NA,NA,2,0,37.04,37.04,45.24,45.24,24.44,24.44,28.21,28.21,0,0
Indonesia,IDN,NA,NA,NAT_TOTAL,20200306,3,0,0,NA,2,0,0,NA,0,NA,0,NA,0,NA,3,0,NA,0,0,0,2,1,1,0,0,0,0,NA,0,NA,NA,4,0,37.04,37.04,45.24,45.24,24.44,24.44,28.21,28.21,0,0
Indonesia,IDN,NA,NA,NAT_TOTAL,20200307,3,0,0,NA,2,0,0,NA,0,NA,0,NA,0,NA,3,0,NA,0,0,0,2,1,1,0,0,0,0,NA,0,NA,NA,4,0,37.04,37.04,45.24,45.24,24.44,24.44,28.21,28.21,0,0
Indonesia,IDN,NA,NA,NAT_TOTAL,20200308,3,0,0,NA,2,0,0,NA,0,NA,0,NA,0,NA,3,0,NA,0,0,0,2,1,1,0,0,0,0,NA,0,NA,NA,6,0,37.04,37.04,45.24,45.24,24.44,24.44,28.21,28.21,0,0
Indonesia,IDN,NA,NA,NAT_TOTAL,20200309,3,0,0,NA,2,0,0,NA,0,NA,0,NA,0,NA,3,0,NA,0,0,0,2,1,1,0,0,0,0,NA,0,NA,NA,19,0,37.04,37.04,45.24,45.24,24.44,24.44,28.21,28.21,0,0
Indonesia,IDN,NA,NA,NAT_TOTAL,20200310,3,0,0,NA,2,0,0,NA,0,NA,0,NA,0,NA,3,0,NA,0,0,0,2,1,1,0,0,0,0,NA,0,NA,NA,27,0,37.04,37.04,45.24,45.24,24.44,24.44,28.21,28.21,0,0
Indonesia,IDN,NA,NA,NAT_TOTAL,20200311,3,0,0,NA,2,0,0,NA,0,NA,0,NA,0,NA,3,0,NA,0,0,0,2,1,1,0,0,0,0,NA,0,NA,NA,34,1,37.04,37.04,45.24,45.24,24.44,24.44,28.21,28.21,0,0
Indonesia,IDN,NA,NA,NAT_TOTAL,20200312,3,0,0,NA,2,0,0,NA,0,NA,0,NA,0,NA,3,0,NA,0,0,0,2,1,1,0,0,0,0,NA,0,NA,NA,34,1,37.04,37.04,45.24,45.24,24.44,24.44,28.21,28.21,0,0
Indonesia,IDN,NA,NA,NAT_TOTAL,20200313,3,0,0,NA,2,0,0,NA,0,NA,0,NA,0,NA,3,0,NA,0,0,0,2,1,1,0,0,0,0,NA,0,NA,NA,69,4,37.04,37.04,45.24,45.24,24.44,24.44,28.21,28.21,0,0
Indonesia,IDN,NA,NA,NAT_TOTAL,20200314,3,0,0,NA,2,0,0,NA,0,NA,0,NA,0,NA,3,0,NA,0,0,0,2,1,1,0,0,0,0,NA,0,NA,NA,96,5,37.04,37.04,45.24,45.24,24.44,24.44,28.21,28.21,0,0
Indonesia,IDN,NA,NA,NAT_TOTAL,20200315,3,0,1,1,2,0,0,NA,0,NA,0,NA,0,NA,3,0,NA,0,0,0,2,1,1,1,0,0,0,NA,0,NA,NA,117,5,40.74,40.74,52.38,52.38,30,30,34.62,34.62,0,0
Indonesia,IDN,NA,NA,NAT_TOTAL,20200316,3,1,1,1,2,0,0,NA,1,0,0,NA,0,NA,3,0,NA,0,0,0,2,1,1,1,0,0,0,NA,0,NA,NA,134,5,45.37,45.37,60.71,60.71,32.78,32.78,37.82,37.82,0,0
Indonesia,IDN,NA,NA,NAT_TOTAL,20200317,3,1,1,1,2,0,0,NA,0,NA,0,NA,0,NA,3,0,NA,0,0,0,2,1,1,1,0,0,0,NA,0,NA,NA,172,5,42.59,42.59,55.95,55.95,31.11,31.11,35.9,35.9,0,0
Indonesia,IDN,NA,NA,NAT_TOTAL,20200318,3,1,1,1,2,0,0,NA,0,NA,0,NA,0,NA,3,0,NA,0,0,0,2,1,1,1,0,0,0,NA,0,NA,NA,227,19,42.59,42.59,55.95,55.95,31.11,31.11,35.9,35.9,0,0
Indonesia,IDN,NA,NA,NAT_TOTAL,20200319,3,1,1,1,2,0,0,NA,0,NA,0,NA,0,NA,4,0,NA,0,0,0,2,1,1,1,0,0,0,NA,0,NA,NA,311,25,45.37,45.37,59.52,59.52,32.78,32.78,37.82,37.82,0,0
Indonesia,IDN,NA,NA,NAT_TOTAL,20200320,3,1,1,1,2,0,0,NA,0,NA,0,NA,0,NA,4,0,NA,0,0,0,2,1,1,1,0,0,0,NA,0,NA,NA,369,32,45.37,45.37,59.52,59.52,32.78,32.78,37.82,37.82,0,0
Indonesia,IDN,NA,NA,NAT_TOTAL,20200321,3,1,1,1,2,0,0,NA,0,NA,0,NA,0,NA,4,0,NA,0,0,0,2,1,1,1,0,0,0,NA,0,NA,NA,450,38,45.37,45.37,59.52,59.52,32.78,32.78,37.82,37.82,0,0
Indonesia,IDN,NA,NA,NAT_TOTAL,20200322,3,1,1,1,2,0,0,NA,0,NA,0,NA,0,NA,4,0,NA,0,0,0,2,1,1,1,0,0,0,NA,0,NA,NA,514,48,45.37,45.37,59.52,59.52,32.78,32.78,37.82,37.82,0,0
Indonesia,IDN,NA,NA,NAT_TOTAL,20200323,3,1,1,1,2,0,0,NA,1,0,0,NA,0,NA,4,0,NA,0,0,0,2,1,1,1,0,0,0,NA,0,NA,NA,579,49,48.15,48.15,64.29,64.29,34.44,34.44,39.74,39.74,0,0
Indonesia,IDN,NA,NA,NAT_TOTAL,20200324,3,1,1,1,2,0,0,NA,1,0,0,NA,0,NA,4,0,NA,0,0,0,2,1,1,1,0,0,0,NA,0,NA,NA,686,55,48.15,48.15,64.29,64.29,34.44,34.44,39.74,39.74,0,0
Indonesia,IDN,NA,NA,NAT_TOTAL,20200325,3,1,1,1,2,0,0,NA,1,0,0,NA,0,NA,4,0,NA,0,0,0,2,1,1,1,0,0,0,NA,0,NA,NA,790,58,48.15,48.15,64.29,64.29,34.44,34.44,39.74,39.74,0,0
Indonesia,IDN,NA,NA,NAT_TOTAL,20200326,3,1,1,1,2,0,0,NA,1,0,0,NA,0,NA,4,0,NA,0,0,0,2,1,1,1,0,0,0,NA,0,NA,NA,893,78,48.15,48.15,64.29,64.29,34.44,34.44,39.74,39.74,0,0
Indonesia,IDN,NA,NA,NAT_TOTAL,20200327,3,1,1,1,2,0,0,NA,1,0,0,NA,0,NA,4,0,NA,0,0,0,2,1,1,1,0,0,0,NA,0,NA,NA,1046,87,48.15,48.15,64.29,64.29,34.44,34.44,39.74,39.74,0,0
Indonesia,IDN,NA,NA,NAT_TOTAL,20200328,3,1,1,1,2,0,0,NA,1,0,0,NA,0,NA,4,0,NA,0,0,0,2,1,1,1,0,0,0,NA,0,NA,NA,1155,102,48.15,48.15,64.29,64.29,34.44,34.44,39.74,39.74,0,0
Indonesia,IDN,NA,NA,NAT_TOTAL,20200329,3,1,1,1,2,0,0,NA,1,0,0,NA,1,0,4,0,NA,0,0,0,2,1,1,1,0,0,0,NA,0,NA,NA,1285,114,50.93,50.93,69.05,69.05,36.11,36.11,41.67,41.67,0,0
Indonesia,IDN,NA,NA,NAT_TOTAL,20200330,3,1,1,1,2,0,0,NA,1,0,0,NA,1,0,4,0,NA,0,0,0,2,1,1,1,0,0,0,NA,0,NA,NA,1414,122,50.93,50.93,69.05,69.05,36.11,36.11,41.67,41.67,0,0
Indonesia,IDN,NA,NA,NAT_TOTAL,20200331,3,1,1,1,2,0,0,NA,1,0,0,NA,1,0,4,0,NA,0,0,0,2,1,1,1,0,0,0,NA,0,NA,NA,1528,136,50.93,50.93,69.05,69.05,36.11,36.11,41.67,41.67,0,0
Indonesia,IDN,NA,NA,NAT_TOTAL,20200401,3,1,1,1,2,0,0,NA,1,0,0,NA,1,0,4,0,NA,1,24650000000,0,2,1,1,1,0,0,0,NA,0,NA,NA,1677,157,50.93,50.93,69.05,69.05,39.44,39.44,41.67,41.67,25,25
Indonesia,IDN,NA,NA,NAT_TOTAL,20200402,3,1,1,1,2,0,0,NA,1,0,0,NA,1,0,4,0,NA,1,0,0,2,1,1,1,0,0,0,NA,0,NA,NA,1790,170,50.93,50.93,69.05,69.05,39.44,39.44,41.67,41.67,25,25
Indonesia,IDN,NA,NA,NAT_TOTAL,20200403,3,1,1,1,2,0,0,NA,1,0,0,NA,1,0,4,0,NA,1,0,0,2,1,1,1,0,0,0,NA,0,NA,NA,1986,181,50.93,50.93,69.05,69.05,39.44,39.44,41.67,41.67,25,25
Indonesia,IDN,NA,NA,NAT_TOTAL,20200404,3,1,1,1,2,0,0,NA,1,0,0,NA,1,0,4,0,NA,1,0,0,2,1,1,1,0,0,0,NA,0,NA,NA,2092,191,50.93,50.93,69.05,69.05,39.44,39.44,41.67,41.67,25,25
Indonesia,IDN,NA,NA,NAT_TOTAL,20200405,3,1,1,1,2,0,0,NA,1,0,0,NA,1,0,4,0,NA,1,0,0,2,1,1,1,0,0,1,1,0,NA,NA,2273,198,50.93,50.93,69.05,69.05,41.11,41.11,43.59,43.59,25,25
Indonesia,IDN,NA,NA,NAT_TOTAL,20200406,3,1,1,1,2,0,0,NA,1,0,0,NA,1,0,4,0,NA,1,0,0,2,1,1,1,0,0,4,1,0,NA,NA,2491,209,50.93,50.93,69.05,69.05,46.11,46.11,49.36,49.36,25,25
Indonesia,IDN,NA,NA,NAT_TOTAL,20200407,3,1,1,1,2,0,4,0,1,0,0,NA,1,0,4,0,NA,1,0,0,2,1,1,1,0,0,4,1,0,NA,NA,2738,221,60.65,60.65,70.95,70.95,51.94,51.94,56.09,56.09,25,25
Indonesia,IDN,NA,NA,NAT_TOTAL,20200408,3,1,1,1,2,0,4,0,1,0,0,NA,1,0,4,0,NA,1,0,0,2,1,1,1,0,0,4,1,0,NA,NA,2956,240,60.65,60.65,70.95,70.95,51.94,51.94,56.09,56.09,25,25
Indonesia,IDN,NA,NA,NAT_TOTAL,20200409,3,1,1,1,2,0,4,0,1,0,0,NA,1,0,4,0,NA,1,0,0,2,1,1,1,0,0,4,1,0,NA,NA,3293,280,60.65,60.65,70.95,70.95,51.94,51.94,56.09,56.09,25,25
Indonesia,IDN,NA,NA,NAT_TOTAL,20200410,3,1,3,0,2,0,4,0,1,0,2,0,1,0,4,0,NA,1,0,0,2,1,1,1,0,0,4,1,0,NA,NA,3512,306,71.76,71.76,76.9,76.9,58.61,58.61,63.78,63.78,25,25
Indonesia,IDN,NA,NA,NAT_TOTAL,20200411,3,1,3,0,2,0,4,0,1,0,2,0,1,0,4,0,NA,1,0,0,2,1,1,1,0,0,4,1,0,NA,NA,3842,327,71.76,71.76,76.9,76.9,58.61,58.61,63.78,63.78,25,25
Indonesia,IDN,NA,NA,NAT_TOTAL,20200412,3,1,3,0,2,0,4,0,1,0,2,0,1,0,4,0,NA,1,0,0,2,1,1,1,0,0,4,1,0,NA,NA,4241,373,71.76,71.76,76.9,76.9,58.61,58.61,63.78,63.78,25,25
Indonesia,IDN,NA,NA,NAT_TOTAL,20200413,3,1,3,0,2,0,4,0,1,0,2,0,1,0,4,0,NA,1,0,0,2,1,1,1,0,0,4,1,0,NA,NA,4557,399,71.76,71.76,76.9,76.9,58.61,58.61,63.78,63.78,25,25
Indonesia,IDN,NA,NA,NAT_TOTAL,20200414,3,1,3,0,2,0,4,0,1,0,2,0,1,0,4,0,NA,1,0,0,2,1,1,1,0,0,4,1,0,NA,NA,4839,459,71.76,71.76,76.9,76.9,58.61,58.61,63.78,63.78,25,25
Indonesia,IDN,NA,NA,NAT_TOTAL,20200415,3,1,3,0,2,0,4,0,1,0,2,0,1,0,4,0,NA,1,0,0,2,1,1,1,0,0,4,1,0,NA,NA,5136,469,71.76,71.76,76.9,76.9,58.61,58.61,63.78,63.78,25,25
Indonesia,IDN,NA,NA,NAT_TOTAL,20200416,3,1,3,0,2,0,4,0,1,0,2,0,1,0,4,0,NA,1,0,0,2,1,1,1,0,0,4,1,0,NA,NA,5516,496,71.76,71.76,76.9,76.9,58.61,58.61,63.78,63.78,25,25
Indonesia,IDN,NA,NA,NAT_TOTAL,20200417,3,1,3,0,2,0,4,0,1,0,2,0,1,0,4,0,NA,1,0,0,2,1,1,1,0,0,4,1,0,NA,NA,5923,520,71.76,71.76,76.9,76.9,58.61,58.61,63.78,63.78,25,25
Indonesia,IDN,NA,NA,NAT_TOTAL,20200418,3,1,3,0,2,0,4,0,1,0,2,0,1,0,4,0,NA,1,0,0,2,1,1,1,0,0,4,1,0,NA,NA,6248,535,71.76,71.76,76.9,76.9,58.61,58.61,63.78,63.78,25,25
Indonesia,IDN,NA,NA,NAT_TOTAL,20200419,3,1,3,0,2,0,4,0,1,0,2,0,1,0,4,0,NA,1,0,0,2,1,1,1,0,0,4,1,0,NA,NA,6575,582,71.76,71.76,76.9,76.9,58.61,58.61,63.78,63.78,25,25
Indonesia,IDN,NA,NA,NAT_TOTAL,20200420,3,1,3,0,2,0,4,0,1,0,2,0,1,0,4,0,NA,1,0,0,2,1,1,1,0,0,4,1,0,NA,NA,6760,590,71.76,71.76,76.9,76.9,58.61,58.61,63.78,63.78,25,25
Indonesia,IDN,NA,NA,NAT_TOTAL,20200421,3,1,3,0,2,0,4,0,1,0,2,0,1,0,4,0,NA,1,0,0,2,1,1,1,0,0,4,1,0,NA,NA,7135,616,71.76,71.76,76.9,76.9,58.61,58.61,63.78,63.78,25,25
Indonesia,IDN,NA,NA,NAT_TOTAL,20200422,3,1,3,0,2,0,4,0,1,0,2,0,1,0,4,0,NA,1,0,0,2,1,1,1,0,0,4,1,0,NA,NA,7418,635,71.76,71.76,76.9,76.9,58.61,58.61,63.78,63.78,25,25
Indonesia,IDN,NA,NA,NAT_TOTAL,20200423,3,1,3,0,2,0,4,0,1,0,2,0,1,0,4,0,NA,1,0,0,2,1,1,1,0,0,4,1,0,NA,NA,7775,647,71.76,71.76,76.9,76.9,58.61,58.61,63.78,63.78,25,25
Indonesia,IDN,NA,NA,NAT_TOTAL,20200424,3,1,3,0,2,0,4,0,1,0,2,0,2,1,4,0,NA,1,0,0,2,1,1,1,0,0,4,1,0,NA,NA,8211,689,80.09,80.09,84.05,84.05,63.61,63.61,69.55,69.55,25,25
Indonesia,IDN,NA,NA,NAT_TOTAL,20200425,3,1,3,0,2,0,4,0,1,0,2,0,2,1,4,0,NA,1,0,0,2,1,1,1,0,0,4,1,0,NA,NA,8607,720,80.09,80.09,84.05,84.05,63.61,63.61,69.55,69.55,25,25
Indonesia,IDN,NA,NA,NAT_TOTAL,20200426,3,1,3,0,2,0,4,0,1,0,2,0,2,1,4,0,NA,1,0,0,2,1,1,1,0,0,4,1,0,NA,NA,8882,743,80.09,80.09,84.05,84.05,63.61,63.61,69.55,69.55,25,25
Indonesia,IDN,NA,NA,NAT_TOTAL,20200427,3,1,3,0,2,0,4,0,1,0,2,0,2,1,4,0,NA,1,0,0,2,1,1,1,0,0,4,1,0,NA,NA,9096,765,80.09,80.09,84.05,84.05,63.61,63.61,69.55,69.55,25,25
Indonesia,IDN,NA,NA,NAT_TOTAL,20200428,3,1,3,0,2,0,4,0,1,0,2,0,2,1,4,0,NA,1,0,0,2,1,1,1,0,0,4,1,0,NA,NA,9511,773,80.09,80.09,84.05,84.05,63.61,63.61,69.55,69.55,25,25
Indonesia,IDN,NA,NA,NAT_TOTAL,20200429,3,1,3,0,2,0,4,0,1,0,2,0,2,1,4,0,NA,1,0,0,2,1,1,1,0,0,4,1,0,NA,NA,9771,784,80.09,80.09,84.05,84.05,63.61,63.61,69.55,69.55,25,25
Indonesia,IDN,NA,NA,NAT_TOTAL,20200430,3,1,3,0,2,0,4,0,1,0,2,0,2,1,4,0,NA,1,0,0,2,1,1,1,0,0,4,1,0,NA,NA,10118,792,80.09,80.09,84.05,84.05,63.61,63.61,69.55,69.55,25,25
Indonesia,IDN,NA,NA,NAT_TOTAL,20200501,3,1,3,0,2,0,4,0,1,0,2,0,2,1,4,0,NA,1,0,0,2,1,1,1,0,0,4,1,0,NA,NA,10551,800,80.09,80.09,84.05,84.05,63.61,63.61,69.55,69.55,25,25
Indonesia,IDN,NA,NA,NAT_TOTAL,20200502,3,1,3,0,2,0,4,0,1,0,2,0,2,1,4,0,NA,1,0,0,2,1,1,1,0,0,4,1,0,NA,NA,10843,831,80.09,80.09,84.05,84.05,63.61,63.61,69.55,69.55,25,25
Indonesia,IDN,NA,NA,NAT_TOTAL,20200503,3,1,3,0,2,0,4,0,1,0,2,0,1,1,4,0,NA,1,0,0,2,1,1,1,0,0,4,1,0,NA,NA,11192,845,74.54,74.54,79.29,79.29,60.28,60.28,65.71,65.71,25,25
Indonesia,IDN,NA,NA,NAT_TOTAL,20200504,3,1,3,0,2,0,4,0,1,0,2,0,1,1,4,0,NA,1,0,0,2,1,1,1,0,0,4,1,0,NA,NA,11587,864,74.54,74.54,79.29,79.29,60.28,60.28,65.71,65.71,25,25
Indonesia,IDN,NA,NA,NAT_TOTAL,20200505,3,1,3,0,2,0,4,0,1,0,2,0,1,1,4,0,NA,1,0,0,2,1,1,1,0,0,4,1,0,NA,NA,12071,872,74.54,74.54,79.29,79.29,60.28,60.28,65.71,65.71,25,25
Indonesia,IDN,NA,NA,NAT_TOTAL,20200506,3,1,3,0,2,0,4,0,1,0,2,0,1,1,4,0,NA,1,0,0,2,1,1,1,0,0,4,1,0,NA,NA,12438,895,74.54,74.54,79.29,79.29,60.28,60.28,65.71,65.71,25,25
Indonesia,IDN,NA,NA,NAT_TOTAL,20200507,3,1,3,0,2,0,4,0,1,0,2,0,1,1,4,0,NA,1,0,0,2,1,1,1,0,0,4,1,0,NA,NA,12776,930,74.54,74.54,79.29,79.29,60.28,60.28,65.71,65.71,25,25
Indonesia,IDN,NA,NA,NAT_TOTAL,20200508,3,1,3,0,2,0,4,0,1,0,2,0,1,1,4,0,NA,1,0,0,2,1,1,1,0,0,4,1,0,NA,NA,13112,943,74.54,74.54,79.29,79.29,60.28,60.28,65.71,65.71,25,25
Indonesia,IDN,NA,NA,NAT_TOTAL,20200509,3,1,3,0,2,0,4,0,1,0,2,0,1,1,4,0,NA,1,0,0,2,1,1,1,0,0,4,1,0,NA,NA,13645,959,74.54,74.54,79.29,79.29,60.28,60.28,65.71,65.71,25,25
Indonesia,IDN,NA,NA,NAT_TOTAL,20200510,3,1,3,0,2,0,4,0,1,0,2,0,1,1,4,0,NA,1,0,0,2,1,1,1,0,0,4,1,0,NA,NA,14032,973,74.54,74.54,79.29,79.29,60.28,60.28,65.71,65.71,25,25
Indonesia,IDN,NA,NA,NAT_TOTAL,20200511,3,1,3,0,2,0,4,0,1,0,2,0,1,1,4,0,NA,1,0,0,2,1,1,1,0,0,4,1,0,NA,NA,14265,991,74.54,74.54,79.29,79.29,60.28,60.28,65.71,65.71,25,25
Indonesia,IDN,NA,NA,NAT_TOTAL,20200512,3,1,3,0,2,0,4,0,1,0,2,0,1,1,4,0,NA,1,0,0,2,1,1,1,0,0,4,1,0,NA,NA,14749,1007,74.54,74.54,79.29,79.29,60.28,60.28,65.71,65.71,25,25
Indonesia,IDN,NA,NA,NAT_TOTAL,20200513,3,1,3,0,2,0,4,0,1,0,2,0,1,1,4,0,NA,1,0,0,2,1,1,1,0,0,4,1,0,NA,NA,15438,1028,74.54,74.54,79.29,79.29,60.28,60.28,65.71,65.71,25,25
Indonesia,IDN,NA,NA,NAT_TOTAL,20200514,3,1,3,0,2,0,4,0,1,0,2,0,1,1,4,0,NA,1,0,0,2,1,1,1,0,0,4,1,0,NA,NA,16006,1043,74.54,74.54,79.29,79.29,60.28,60.28,65.71,65.71,25,25
Indonesia,IDN,NA,NA,NAT_TOTAL,20200515,3,1,3,0,2,0,4,0,1,0,2,0,1,1,4,0,NA,1,0,0,2,1,1,1,0,0,4,1,0,NA,NA,16496,1076,74.54,74.54,79.29,79.29,60.28,60.28,65.71,65.71,25,25
Indonesia,IDN,NA,NA,NAT_TOTAL,20200516,3,1,3,0,2,0,4,0,1,0,2,0,1,1,4,0,NA,1,0,0,2,1,1,1,0,0,4,1,0,NA,NA,17025,1089,74.54,74.54,79.29,79.29,60.28,60.28,65.71,65.71,25,25
Indonesia,IDN,NA,NA,NAT_TOTAL,20200517,3,1,3,0,2,0,4,0,1,0,2,0,1,1,4,0,NA,1,0,0,2,1,1,1,0,0,4,1,0,NA,NA,17514,1148,74.54,74.54,79.29,79.29,60.28,60.28,65.71,65.71,25,25
Indonesia,IDN,NA,NA,NAT_TOTAL,20200518,3,1,3,0,2,0,4,0,1,0,2,0,1,1,4,0,NA,1,0,0,2,1,1,1,0,0,4,1,0,NA,NA,18010,1191,74.54,74.54,79.29,79.29,60.28,60.28,65.71,65.71,25,25
Indonesia,IDN,NA,NA,NAT_TOTAL,20200519,3,1,3,0,2,0,4,0,1,0,2,0,1,1,4,0,NA,1,0,0,2,1,1,1,0,0,4,1,0,NA,NA,18496,1221,74.54,74.54,79.29,79.29,60.28,60.28,65.71,65.71,25,25
Indonesia,IDN,NA,NA,NAT_TOTAL,20200520,3,1,3,0,2,0,4,0,0,NA,2,0,1,1,4,0,NA,1,0,0,2,1,1,1,0,0,4,1,0,NA,NA,19189,1242,71.76,71.76,74.52,74.52,58.61,58.61,63.78,63.78,25,25
Indonesia,IDN,NA,NA,NAT_TOTAL,20200521,3,1,3,0,2,0,4,0,0,NA,2,0,1,1,4,0,NA,1,0,0,2,1,1,1,0,0,4,1,0,NA,NA,20162,1278,71.76,71.76,74.52,74.52,58.61,58.61,63.78,63.78,25,25
Indonesia,IDN,NA,NA,NAT_TOTAL,20200522,3,1,3,0,2,0,4,0,0,NA,2,0,1,1,4,0,NA,1,0,0,2,1,1,1,0,0,4,1,0,NA,NA,20796,1326,71.76,71.76,74.52,74.52,58.61,58.61,63.78,63.78,25,25
Indonesia,IDN,NA,NA,NAT_TOTAL,20200523,3,1,3,0,2,0,4,0,0,NA,2,0,1,1,4,0,NA,1,0,0,2,1,1,1,0,0,4,1,0,NA,NA,21745,1351,71.76,71.76,74.52,74.52,58.61,58.61,63.78,63.78,25,25
Indonesia,IDN,NA,NA,NAT_TOTAL,20200524,3,1,3,0,2,0,4,0,0,NA,2,0,1,1,4,0,NA,1,0,0,2,1,1,1,0,0,4,1,0,NA,NA,22271,1372,71.76,71.76,74.52,74.52,58.61,58.61,63.78,63.78,25,25
Indonesia,IDN,NA,NA,NAT_TOTAL,20200525,3,1,3,0,2,0,4,0,0,NA,2,0,1,1,4,0,NA,1,0,0,2,1,1,1,0,0,4,1,0,NA,NA,22750,1391,71.76,71.76,74.52,74.52,58.61,58.61,63.78,63.78,25,25
Indonesia,IDN,NA,NA,NAT_TOTAL,20200526,3,1,3,0,2,0,4,0,0,NA,2,0,1,1,4,0,NA,1,0,0,2,1,1,1,0,0,4,1,0,NA,NA,23165,1418,71.76,71.76,74.52,74.52,58.61,58.61,63.78,63.78,25,25
Indonesia,IDN,NA,NA,NAT_TOTAL,20200527,3,1,3,0,2,0,4,0,0,NA,2,0,1,1,4,0,NA,1,0,0,2,1,1,1,0,338558,4,1,0,NA,NA,23851,1473,71.76,71.76,74.52,74.52,58.61,58.61,63.78,63.78,25,25
Indonesia,IDN,NA,NA,NAT_TOTAL,20200528,3,1,3,0,2,0,4,0,0,NA,2,0,1,1,4,0,NA,1,43000000000,0,2,1,1,1,0,0,4,1,0,NA,NA,24538,1496,71.76,71.76,74.52,74.52,58.61,58.61,63.78,63.78,25,25
Indonesia,IDN,NA,NA,NAT_TOTAL,20200529,3,1,3,0,2,0,4,0,0,NA,2,0,1,1,4,0,NA,1,0,0,2,1,1,1,0,0,4,1,0,NA,NA,25216,1520,71.76,71.76,74.52,74.52,58.61,58.61,63.78,63.78,25,25
Indonesia,IDN,NA,NA,NAT_TOTAL,20200530,3,1,3,0,2,0,4,0,0,NA,2,0,1,1,4,0,NA,1,0,0,2,1,1,1,0,0,4,1,0,NA,NA,25773,1573,71.76,71.76,74.52,74.52,58.61,58.61,63.78,63.78,25,25
Indonesia,IDN,NA,NA,NAT_TOTAL,20200531,3,1,3,0,2,0,4,0,0,NA,2,0,1,1,4,0,NA,1,0,0,2,1,1,1,0,0,4,1,0,NA,NA,26473,1613,71.76,71.76,74.52,74.52,58.61,58.61,63.78,63.78,25,25
Indonesia,IDN,NA,NA,NAT_TOTAL,20200601,3,1,3,0,2,0,4,0,0,NA,2,0,1,1,4,0,NA,1,0,0,2,1,1,1,0,0,4,1,0,NA,NA,26940,1641,71.76,71.76,74.52,74.52,58.61,58.61,63.78,63.78,25,25
Indonesia,IDN,NA,NA,NAT_TOTAL,20200602,3,1,3,0,2,0,4,0,0,NA,2,0,1,1,4,0,NA,1,0,0,2,1,1,1,0,0,4,1,0,NA,NA,27549,1663,71.76,71.76,74.52,74.52,58.61,58.61,63.78,63.78,25,25
Indonesia,IDN,NA,NA,NAT_TOTAL,20200603,3,1,3,0,2,0,4,0,0,NA,2,0,1,1,4,0,NA,1,2538941981.13,0,2,1,1,1,0,0,4,1,0,NA,NA,28233,1698,71.76,71.76,74.52,74.52,58.61,58.61,63.78,63.78,25,25
Indonesia,IDN,NA,NA,NAT_TOTAL,20200604,3,1,3,0,2,0,4,0,0,NA,2,0,1,1,4,0,NA,1,0,0,2,1,1,1,0,0,4,1,0,NA,NA,28818,1721,71.76,71.76,74.52,74.52,58.61,58.61,63.78,63.78,25,25
Indonesia,IDN,NA,NA,NAT_TOTAL,20200605,3,1,3,0,2,0,4,0,0,NA,2,0,1,1,4,0,NA,1,0,0,2,1,1,1,0,0,4,1,0,NA,NA,29521,1770,71.76,71.76,74.52,74.52,58.61,58.61,63.78,63.78,25,25
Indonesia,IDN,NA,NA,NAT_TOTAL,20200606,3,1,3,0,2,0,4,0,0,NA,2,0,1,1,4,0,NA,1,0,0,2,1,1,1,0,0,4,1,0,NA,NA,30514,1801,71.76,71.76,74.52,74.52,58.61,58.61,63.78,63.78,25,25
Indonesia,IDN,NA,NA,NAT_TOTAL,20200607,3,1,3,0,2,0,4,0,0,NA,2,0,1,1,4,0,NA,1,0,0,2,1,1,1,0,0,4,1,0,NA,NA,31186,1851,71.76,71.76,74.52,74.52,58.61,58.61,63.78,63.78,25,25
Indonesia,IDN,NA,NA,NAT_TOTAL,20200608,3,1,2,0,2,0,4,0,0,NA,2,0,1,1,4,0,NA,1,0,0,2,1,1,1,0,0,4,1,0,NA,NA,32033,1883,68.06,68.06,70.95,70.95,56.39,56.39,61.22,61.22,25,25
Indonesia,IDN,NA,NA,NAT_TOTAL,20200609,3,1,2,0,2,0,4,0,0,NA,2,0,1,1,4,0,NA,1,0,0,2,1,1,1,0,0,4,1,0,NA,NA,33076,1923,68.06,68.06,70.95,70.95,56.39,56.39,61.22,61.22,25,25
Indonesia,IDN,NA,NA,NAT_TOTAL,20200610,3,1,2,0,2,0,4,0,0,NA,2,0,1,1,4,0,NA,1,0,0,2,1,1,1,0,0,4,1,0,NA,NA,34316,1959,68.06,68.06,70.95,70.95,56.39,56.39,61.22,61.22,25,25
Indonesia,IDN,NA,NA,NAT_TOTAL,20200611,3,1,2,0,2,0,4,0,0,NA,2,0,1,1,4,0,NA,1,0,0,2,1,1,1,0,0,4,1,0,NA,NA,35295,2000,68.06,68.06,70.95,70.95,56.39,56.39,61.22,61.22,25,25
Indonesia,IDN,NA,NA,NAT_TOTAL,20200612,3,1,2,0,2,0,4,0,0,NA,2,0,1,1,4,0,NA,1,0,0,2,1,1,1,0,0,4,1,0,NA,NA,36406,2048,68.06,68.06,70.95,70.95,56.39,56.39,61.22,61.22,25,25
Indonesia,IDN,NA,NA,NAT_TOTAL,20200613,3,1,2,0,2,0,4,0,0,NA,2,0,1,1,4,0,NA,1,0,0,2,1,1,1,0,0,4,1,0,NA,NA,37420,2091,68.06,68.06,70.95,70.95,56.39,56.39,61.22,61.22,25,25
Indonesia,IDN,NA,NA,NAT_TOTAL,20200614,3,1,2,0,2,0,4,0,0,NA,2,0,1,1,4,0,NA,1,0,0,2,1,1,1,0,0,4,1,0,NA,NA,38277,2134,68.06,68.06,70.95,70.95,56.39,56.39,61.22,61.22,25,25
Indonesia,IDN,NA,NA,NAT_TOTAL,20200615,3,1,2,0,2,0,4,0,0,NA,2,0,1,1,4,0,NA,1,0,0,2,1,1,1,0,0,4,1,0,NA,NA,39294,2198,68.06,68.06,70.95,70.95,56.39,56.39,61.22,61.22,25,25
Indonesia,IDN,NA,NA,NAT_TOTAL,20200616,3,1,2,0,2,0,4,0,0,NA,2,0,1,1,4,0,NA,1,0,0,2,1,1,1,0,0,4,1,0,NA,NA,40400,2231,68.06,68.06,70.95,70.95,56.39,56.39,61.22,61.22,25,25
Indonesia,IDN,NA,NA,NAT_TOTAL,20200617,3,1,2,0,2,0,4,0,0,NA,2,0,1,1,4,0,NA,1,0,0,2,1,1,1,0,0,4,1,0,NA,NA,41431,2276,68.06,68.06,70.95,70.95,56.39,56.39,61.22,61.22,25,25
Indonesia,IDN,NA,NA,NAT_TOTAL,20200618,3,1,2,0,2,0,4,0,0,NA,2,0,1,1,4,0,NA,1,0,0,2,1,1,1,0,0,4,1,0,NA,NA,42762,2339,68.06,68.06,70.95,70.95,56.39,56.39,61.22,61.22,25,25
Indonesia,IDN,NA,NA,NAT_TOTAL,20200619,3,1,2,0,2,0,4,0,0,NA,2,0,1,1,4,0,NA,1,0,0,2,1,1,1,0,0,4,1,0,NA,NA,43803,2373,68.06,68.06,70.95,70.95,56.39,56.39,61.22,61.22,25,25
Indonesia,IDN,NA,NA,NAT_TOTAL,20200620,3,1,2,0,2,0,4,0,0,NA,2,0,1,1,4,0,NA,1,0,0,2,1,1,1,0,0,4,1,0,NA,NA,45029,2429,68.06,68.06,70.95,70.95,56.39,56.39,61.22,61.22,25,25
Indonesia,IDN,NA,NA,NAT_TOTAL,20200621,3,1,2,0,2,0,4,0,0,NA,2,0,1,1,4,0,NA,1,0,0,2,1,1,1,0,0,4,1,0,NA,NA,45891,2465,68.06,68.06,70.95,70.95,56.39,56.39,61.22,61.22,25,25
Indonesia,IDN,NA,NA,NAT_TOTAL,20200622,3,1,2,0,2,0,4,0,0,NA,2,0,1,1,4,0,NA,1,0,0,2,1,1,1,0,0,4,1,0,NA,NA,46845,2500,68.06,68.06,70.95,70.95,56.39,56.39,61.22,61.22,25,25
Indonesia,IDN,NA,NA,NAT_TOTAL,20200623,3,1,2,0,2,0,4,0,0,NA,2,0,1,1,1,0,NA,1,0,0,2,1,1,1,0,0,4,1,0,NA,NA,47896,2535,59.72,59.72,60.24,60.24,51.39,51.39,55.45,55.45,25,25
Indonesia,IDN,NA,NA,NAT_TOTAL,20200624,3,1,2,0,2,0,4,0,0,NA,2,0,1,1,1,0,NA,1,0,0,2,1,1,1,0,0,4,1,0,NA,NA,49009,2573,59.72,59.72,60.24,60.24,51.39,51.39,55.45,55.45,25,25
Indonesia,IDN,NA,NA,NAT_TOTAL,20200625,3,1,2,0,2,0,4,0,0,NA,2,0,1,1,1,0,NA,1,0,0,2,1,1,1,0,0,4,1,0,NA,NA,50187,2620,59.72,59.72,60.24,60.24,51.39,51.39,55.45,55.45,25,25
Indonesia,IDN,NA,NA,NAT_TOTAL,20200626,3,1,2,0,2,0,4,0,0,NA,2,0,1,1,1,0,NA,1,0,0,2,1,1,1,0,0,4,1,0,NA,NA,51427,2683,59.72,59.72,60.24,60.24,51.39,51.39,55.45,55.45,25,25
Indonesia,IDN,NA,NA,NAT_TOTAL,20200627,3,1,2,0,2,0,4,0,0,NA,2,0,1,1,1,0,NA,1,0,0,2,1,1,1,0,0,4,1,0,NA,NA,52812,2720,59.72,59.72,60.24,60.24,51.39,51.39,55.45,55.45,25,25
Indonesia,IDN,NA,NA,NAT_TOTAL,20200628,3,1,2,0,2,0,4,0,0,NA,2,0,1,1,1,0,NA,1,0,0,2,1,1,1,0,0,4,1,0,NA,NA,54010,2754,59.72,59.72,60.24,60.24,51.39,51.39,55.45,55.45,25,25
Indonesia,IDN,NA,NA,NAT_TOTAL,20200629,3,1,2,0,2,0,4,0,0,NA,2,0,1,1,1,0,NA,1,0,0,2,1,1,1,0,0,4,1,0,NA,NA,55092,2805,59.72,59.72,60.24,60.24,51.39,51.39,55.45,55.45,25,25
Indonesia,IDN,NA,NA,NAT_TOTAL,20200630,2,0,2,0,2,0,4,0,0,NA,2,0,1,1,1,0,NA,1,0,0,2,1,1,1,0,0,4,1,0,NA,NA,56385,2876,54.17,54.17,53.1,53.1,48.06,48.06,51.6,51.6,25,25
Indonesia,IDN,NA,NA,NAT_TOTAL,20200701,2,0,2,0,2,0,4,0,0,NA,2,0,1,1,1,0,NA,1,0,0,2,1,1,1,28600000,0,4,1,0,NA,NA,57770,2934,54.17,54.17,53.1,53.1,48.06,48.06,51.6,51.6,25,25
Indonesia,IDN,NA,NA,NAT_TOTAL,20200702,2,0,2,0,2,0,4,0,0,NA,2,0,1,1,1,0,NA,1,0,0,2,1,1,1,0,0,4,1,0,NA,NA,59394,2987,54.17,54.17,53.1,53.1,48.06,48.06,51.6,51.6,25,25
Indonesia,IDN,NA,NA,NAT_TOTAL,20200703,2,0,2,0,2,0,4,0,0,NA,2,0,1,1,1,0,NA,1,0,0,2,1,1,1,0,0,4,1,0,NA,NA,60695,3036,54.17,54.17,53.1,53.1,48.06,48.06,51.6,51.6,25,25
Indonesia,IDN,NA,NA,NAT_TOTAL,20200704,2,0,2,0,2,0,4,0,0,NA,2,0,1,1,1,0,NA,1,0,0,2,1,1,1,0,0,4,1,0,NA,NA,62142,3089,54.17,54.17,53.1,53.1,48.06,48.06,51.6,51.6,25,25
Indonesia,IDN,NA,NA,NAT_TOTAL,20200705,2,0,2,0,2,0,4,0,0,NA,2,0,1,1,1,0,NA,1,0,0,2,1,1,1,0,0,4,1,0,NA,NA,63749,3171,54.17,54.17,53.1,53.1,48.06,48.06,51.6,51.6,25,25
Indonesia,IDN,NA,NA,NAT_TOTAL,20200706,2,0,2,0,2,0,4,0,0,NA,2,0,1,1,1,0,NA,1,0,0,2,1,1,1,0,0,4,1,0,NA,NA,64958,3241,54.17,54.17,53.1,53.1,48.06,48.06,51.6,51.6,25,25
Indonesia,IDN,NA,NA,NAT_TOTAL,20200707,2,0,2,0,2,0,4,0,0,NA,2,0,1,1,1,0,NA,1,0,0,2,1,1,1,0,0,4,1,0,NA,NA,66226,3309,54.17,54.17,53.1,53.1,48.06,48.06,51.6,51.6,25,25
Indonesia,IDN,NA,NA,NAT_TOTAL,20200708,2,0,2,0,2,0,4,0,0,NA,2,0,1,1,1,0,NA,1,0,0,2,1,1,1,0,0,4,1,0,NA,NA,68079,3359,54.17,54.17,53.1,53.1,48.06,48.06,51.6,51.6,25,25
Indonesia,IDN,NA,NA,NAT_TOTAL,20200709,2,0,2,0,2,0,4,0,0,NA,2,0,1,1,1,0,NA,1,0,0,2,1,1,1,0,0,4,1,0,NA,NA,70736,3417,54.17,54.17,53.1,53.1,48.06,48.06,51.6,51.6,25,25
Indonesia,IDN,NA,NA,NAT_TOTAL,20200710,2,0,2,0,2,0,4,0,0,NA,2,0,1,1,1,0,NA,1,0,0,2,1,1,1,0,0,4,1,0,NA,NA,72347,3469,54.17,54.17,53.1,53.1,48.06,48.06,51.6,51.6,25,25
Indonesia,IDN,NA,NA,NAT_TOTAL,20200711,2,0,2,0,2,0,4,0,0,NA,2,0,1,1,4,0,NA,1,0,0,2,1,1,1,0,0,4,1,0,NA,NA,74018,3535,62.5,62.5,63.81,63.81,53.06,53.06,57.37,57.37,25,25
Indonesia,IDN,NA,NA,NAT_TOTAL,20200712,2,0,2,0,2,0,4,0,0,NA,2,0,1,1,4,0,NA,1,0,0,2,1,1,1,0,0,4,1,0,NA,NA,75699,3606,62.5,62.5,63.81,63.81,53.06,53.06,57.37,57.37,25,25
Indonesia,IDN,NA,NA,NAT_TOTAL,20200713,2,0,2,0,2,0,4,0,0,NA,2,0,1,1,4,0,NA,1,0,0,2,1,1,1,0,0,4,1,0,NA,NA,76981,3656,62.5,62.5,63.81,63.81,53.06,53.06,57.37,57.37,25,25
Indonesia,IDN,NA,NA,NAT_TOTAL,20200714,2,0,2,0,2,0,4,0,0,NA,2,0,1,1,4,0,NA,1,0,0,2,1,1,1,0,0,4,1,0,NA,NA,78572,3710,62.5,62.5,63.81,63.81,53.06,53.06,57.37,57.37,25,25
Indonesia,IDN,NA,NA,NAT_TOTAL,20200715,2,0,2,0,2,0,4,0,0,NA,2,0,1,1,4,0,NA,1,0,0,2,1,1,1,0,0,4,1,0,NA,NA,80094,3797,62.5,62.5,63.81,63.81,53.06,53.06,57.37,57.37,25,25
Indonesia,IDN,NA,NA,NAT_TOTAL,20200716,2,0,2,0,2,0,4,0,0,NA,2,0,1,1,4,0,NA,1,341538775,0,2,1,1,1,0,0,4,1,0,NA,NA,81668,3873,62.5,62.5,63.81,63.81,53.06,53.06,57.37,57.37,25,25
Indonesia,IDN,NA,NA,NAT_TOTAL,20200717,2,0,2,0,2,0,4,0,0,NA,2,0,1,1,4,0,NA,1,0,0,2,1,1,1,0,0,4,1,0,NA,NA,83130,3957,62.5,62.5,63.81,63.81,53.06,53.06,57.37,57.37,25,25
Indonesia,IDN,NA,NA,NAT_TOTAL,20200718,2,0,2,0,2,0,4,0,0,NA,2,0,1,1,4,0,NA,1,0,0,2,1,1,1,0,0,4,1,0,NA,NA,84882,4016,62.5,62.5,63.81,63.81,53.06,53.06,57.37,57.37,25,25
Indonesia,IDN,NA,NA,NAT_TOTAL,20200719,2,0,2,0,2,0,4,0,0,NA,2,0,1,1,4,0,NA,1,0,0,2,1,1,1,0,0,4,1,0,NA,NA,86521,4143,62.5,62.5,63.81,63.81,53.06,53.06,57.37,57.37,25,25
Indonesia,IDN,NA,NA,NAT_TOTAL,20200720,2,0,2,0,2,0,4,0,0,NA,2,0,1,1,4,0,NA,1,0,0,2,1,1,1,0,0,4,1,0,NA,NA,88214,4239,62.5,62.5,63.81,63.81,53.06,53.06,57.37,57.37,25,25
Indonesia,IDN,NA,NA,NAT_TOTAL,20200721,2,0,2,0,2,0,4,0,0,NA,2,0,1,1,4,0,NA,1,0,0,2,1,1,1,0,0,4,1,0,NA,NA,89869,4320,62.5,62.5,63.81,63.81,53.06,53.06,57.37,57.37,25,25
Indonesia,IDN,NA,NA,NAT_TOTAL,20200722,2,0,2,0,2,0,4,0,0,NA,2,0,1,1,4,0,NA,1,0,0,2,1,1,1,0,0,4,1,0,NA,NA,91751,4459,62.5,62.5,63.81,63.81,53.06,53.06,57.37,57.37,25,25
Indonesia,IDN,NA,NA,NAT_TOTAL,20200723,2,0,2,0,2,0,4,0,0,NA,2,0,1,1,4,0,NA,1,0,0,2,1,1,1,0,0,4,1,0,NA,NA,93657,4576,62.5,62.5,63.81,63.81,53.06,53.06,57.37,57.37,25,25
Indonesia,IDN,NA,NA,NAT_TOTAL,20200724,2,0,2,0,2,0,4,0,0,NA,2,0,1,1,4,0,NA,1,0,0,2,1,1,1,0,0,4,1,0,NA,NA,95418,4665,62.5,62.5,63.81,63.81,53.06,53.06,57.37,57.37,25,25
Indonesia,IDN,NA,NA,NAT_TOTAL,20200725,2,0,2,0,2,0,4,0,0,NA,2,0,1,1,4,0,NA,1,0,0,2,1,1,1,0,0,4,1,0,NA,NA,97286,4714,62.5,62.5,63.81,63.81,53.06,53.06,57.37,57.37,25,25
Indonesia,IDN,NA,NA,NAT_TOTAL,20200726,2,0,2,0,2,0,4,0,0,NA,2,0,1,1,4,0,NA,1,0,0,2,1,1,1,0,0,4,1,0,NA,NA,98778,4781,62.5,62.5,63.81,63.81,53.06,53.06,57.37,57.37,25,25
Indonesia,IDN,NA,NA,NAT_TOTAL,20200727,2,0,2,0,2,0,4,0,0,NA,2,0,1,1,4,0,NA,1,0,0,2,1,1,1,0,0,4,1,0,NA,NA,100303,4838,62.5,62.5,63.81,63.81,53.06,53.06,57.37,57.37,25,25
Indonesia,IDN,NA,NA,NAT_TOTAL,20200728,2,0,2,0,2,0,4,0,0,NA,2,0,1,1,4,0,NA,1,0,0,2,1,1,1,0,0,4,1,0,NA,NA,102051,4901,62.5,62.5,63.81,63.81,53.06,53.06,57.37,57.37,25,25
Indonesia,IDN,NA,NA,NAT_TOTAL,20200729,2,0,2,0,2,0,4,0,0,NA,2,0,1,1,4,0,NA,1,0,0,2,1,1,1,0,0,4,1,0,NA,NA,104432,4975,62.5,62.5,63.81,63.81,53.06,53.06,57.37,57.37,25,25
Indonesia,IDN,NA,NA,NAT_TOTAL,20200730,2,0,2,0,2,0,4,0,0,NA,2,0,1,1,4,0,NA,1,0,0,2,1,1,1,0,0,4,1,0,NA,NA,106336,5058,62.5,62.5,63.81,63.81,53.06,53.06,57.37,57.37,25,25
Indonesia,IDN,NA,NA,NAT_TOTAL,20200731,2,0,2,0,2,0,4,0,0,NA,2,0,1,1,4,0,NA,1,0,0,2,1,1,1,0,0,4,1,0,NA,NA,108376,5131,62.5,62.5,63.81,63.81,53.06,53.06,57.37,57.37,25,25
Indonesia,IDN,NA,NA,NAT_TOTAL,20200801,2,0,2,0,2,0,4,0,0,NA,2,0,1,1,4,0,NA,1,0,0,2,1,1,1,0,0,4,1,0,NA,NA,109936,5193,62.5,62.5,63.81,63.81,53.06,53.06,57.37,57.37,25,25
Indonesia,IDN,NA,NA,NAT_TOTAL,20200802,2,0,2,0,2,0,4,0,0,NA,2,0,1,1,4,0,NA,1,0,0,2,1,1,1,0,0,4,1,0,NA,NA,111455,5236,62.5,62.5,63.81,63.81,53.06,53.06,57.37,57.37,25,25
Indonesia,IDN,NA,NA,NAT_TOTAL,20200803,2,0,2,0,2,0,4,0,0,NA,2,0,1,1,4,0,NA,1,0,0,2,1,1,1,0,0,4,1,0,NA,NA,113134,5302,62.5,62.5,63.81,63.81,53.06,53.06,57.37,57.37,25,25
Indonesia,IDN,NA,NA,NAT_TOTAL,20200804,2,0,2,0,2,0,4,0,0,NA,2,0,1,1,4,0,NA,1,0,0,2,1,1,1,0,0,4,1,0,NA,NA,115056,5388,62.5,62.5,63.81,63.81,53.06,53.06,57.37,57.37,25,25
Indonesia,IDN,NA,NA,NAT_TOTAL,20200805,2,0,2,0,2,0,4,0,0,NA,2,0,1,1,4,0,NA,1,0,0,2,1,1,1,0,0,4,1,0,NA,NA,116871,5452,62.5,62.5,63.81,63.81,53.06,53.06,57.37,57.37,25,25
Indonesia,IDN,NA,NA,NAT_TOTAL,20200806,2,0,2,0,2,0,4,0,0,NA,2,0,1,1,4,0,NA,1,0,0,2,1,1,1,0,0,4,1,0,NA,NA,118753,5521,62.5,62.5,63.81,63.81,53.06,53.06,57.37,57.37,25,25
Indonesia,IDN,NA,NA,NAT_TOTAL,20200807,2,0,2,0,2,0,4,0,0,NA,2,0,1,1,4,0,NA,1,0,0,2,1,1,1,0,0,4,1,0,NA,NA,121226,5593,62.5,62.5,63.81,63.81,53.06,53.06,57.37,57.37,25,25
Indonesia,IDN,NA,NA,NAT_TOTAL,20200808,2,0,2,0,2,0,4,0,0,NA,2,0,1,1,4,0,NA,1,0,0,2,1,1,1,0,0,4,1,0,NA,NA,123503,5658,62.5,62.5,63.81,63.81,53.06,53.06,57.37,57.37,25,25
Indonesia,IDN,NA,NA,NAT_TOTAL,20200809,2,0,2,0,2,0,4,0,0,NA,2,0,1,1,4,0,NA,1,0,0,2,1,1,1,0,0,4,1,0,NA,NA,125396,5723,62.5,62.5,63.81,63.81,53.06,53.06,57.37,57.37,25,25
Indonesia,IDN,NA,NA,NAT_TOTAL,20200810,2,0,2,0,2,0,4,0,0,NA,2,0,1,1,4,0,NA,1,0,0,2,1,1,1,0,0,4,1,0,NA,NA,127083,5765,62.5,62.5,63.81,63.81,53.06,53.06,57.37,57.37,25,25
Indonesia,IDN,NA,NA,NAT_TOTAL,20200811,2,0,2,0,2,0,4,0,0,NA,2,0,1,1,3,0,NA,1,0,0,2,1,1,1,0,0,4,1,0,NA,NA,128776,5824,59.72,59.72,60.24,60.24,51.39,51.39,55.45,55.45,25,25
Indonesia,IDN,NA,NA,NAT_TOTAL,20200812,2,0,2,0,2,0,4,0,0,NA,2,0,1,1,3,0,NA,1,0,0,2,1,1,1,0,0,4,1,0,NA,NA,130718,5903,59.72,59.72,60.24,60.24,51.39,51.39,55.45,55.45,25,25
Indonesia,IDN,NA,NA,NAT_TOTAL,20200813,2,0,2,0,2,0,4,0,0,NA,2,0,1,1,3,0,NA,1,0,0,2,1,1,1,0,0,4,1,0,NA,NA,132816,5968,59.72,59.72,60.24,60.24,51.39,51.39,55.45,55.45,25,25
Indonesia,IDN,NA,NA,NAT_TOTAL,20200814,2,0,2,0,2,0,4,0,0,NA,2,0,1,1,3,0,NA,1,0,0,2,1,1,1,0,0,4,1,0,NA,NA,135123,6021,59.72,59.72,60.24,60.24,51.39,51.39,55.45,55.45,25,25
Indonesia,IDN,NA,NA,NAT_TOTAL,20200815,2,0,2,0,2,0,4,0,0,NA,2,0,1,1,3,0,NA,1,0,0,2,1,1,1,0,0,4,1,0,NA,NA,137468,6071,59.72,59.72,60.24,60.24,51.39,51.39,55.45,55.45,25,25
Indonesia,IDN,NA,NA,NAT_TOTAL,20200816,2,0,2,0,2,0,4,0,0,NA,2,0,1,1,3,0,NA,1,0,0,2,1,1,1,0,0,4,1,0,NA,NA,139549,6150,59.72,59.72,60.24,60.24,51.39,51.39,55.45,55.45,25,25
Indonesia,IDN,NA,NA,NAT_TOTAL,20200817,2,0,2,0,2,0,4,0,0,NA,2,0,1,1,3,0,NA,1,0,0,2,1,1,1,0,0,4,1,0,NA,NA,141370,6207,59.72,59.72,60.24,60.24,51.39,51.39,55.45,55.45,25,25
Indonesia,IDN,NA,NA,NAT_TOTAL,20200818,2,0,2,0,2,0,4,0,0,NA,2,0,1,1,3,0,NA,1,0,0,2,1,1,1,0,0,4,1,0,NA,NA,143043,6277,59.72,59.72,60.24,60.24,51.39,51.39,55.45,55.45,25,25
Indonesia,IDN,NA,NA,NAT_TOTAL,20200819,2,0,2,0,2,0,4,0,0,NA,2,0,1,1,3,0,NA,1,0,0,2,1,1,1,0,0,4,1,0,NA,NA,144945,6346,59.72,59.72,60.24,60.24,51.39,51.39,55.45,55.45,25,25
Indonesia,IDN,NA,NA,NAT_TOTAL,20200820,2,0,2,0,2,0,4,0,0,NA,2,0,1,1,3,0,NA,1,0,0,2,1,1,1,0,0,4,1,0,NA,NA,147211,6418,59.72,59.72,60.24,60.24,51.39,51.39,55.45,55.45,25,25
Indonesia,IDN,NA,NA,NAT_TOTAL,20200821,2,0,2,0,2,0,4,0,0,NA,2,0,1,1,3,0,NA,1,0,0,2,1,1,1,0,0,4,1,0,NA,NA,149408,6500,59.72,59.72,60.24,60.24,51.39,51.39,55.45,55.45,25,25
Indonesia,IDN,NA,NA,NAT_TOTAL,20200822,2,0,2,0,2,0,4,0,0,NA,2,0,1,1,3,0,NA,1,0,0,2,1,1,1,0,0,4,1,0,NA,NA,151498,6594,59.72,59.72,60.24,60.24,51.39,51.39,55.45,55.45,25,25
Indonesia,IDN,NA,NA,NAT_TOTAL,20200823,2,0,2,0,2,0,4,0,0,NA,2,0,1,1,3,0,NA,1,0,0,2,1,1,1,0,0,4,1,0,NA,NA,153535,6680,59.72,59.72,60.24,60.24,51.39,51.39,55.45,55.45,25,25
Indonesia,IDN,NA,NA,NAT_TOTAL,20200824,2,0,2,0,2,0,4,0,0,NA,2,0,1,1,3,0,NA,1,0,0,2,1,1,1,0,0,4,1,0,NA,NA,155412,6759,59.72,59.72,60.24,60.24,51.39,51.39,55.45,55.45,25,25
Indonesia,IDN,NA,NA,NAT_TOTAL,20200825,2,0,2,0,2,0,4,0,0,NA,2,0,1,1,3,0,NA,1,0,0,2,1,1,1,0,0,4,1,0,NA,NA,157859,6858,59.72,59.72,60.24,60.24,51.39,51.39,55.45,55.45,25,25
Indonesia,IDN,NA,NA,NAT_TOTAL,20200826,2,0,2,0,2,0,4,0,0,NA,2,0,1,1,3,0,NA,1,0,0,2,1,1,1,0,0,4,1,0,NA,NA,160165,6944,59.72,59.72,60.24,60.24,51.39,51.39,55.45,55.45,25,25
Indonesia,IDN,NA,NA,NAT_TOTAL,20200827,2,0,2,0,2,0,4,0,0,NA,2,0,1,1,3,0,NA,1,0,0,2,1,1,1,0,0,4,1,0,NA,NA,162884,7064,59.72,59.72,60.24,60.24,51.39,51.39,55.45,55.45,25,25
Indonesia,IDN,NA,NA,NAT_TOTAL,20200828,2,0,2,0,2,0,4,0,0,NA,2,0,1,1,3,0,NA,1,0,0,2,1,1,1,0,0,4,1,0,NA,NA,165887,7169,59.72,59.72,60.24,60.24,51.39,51.39,55.45,55.45,25,25
Indonesia,IDN,NA,NA,NAT_TOTAL,20200829,2,0,2,0,2,0,4,0,0,NA,2,0,1,1,3,0,NA,1,0,0,2,1,1,1,0,0,4,1,0,NA,NA,169195,7261,59.72,59.72,60.24,60.24,51.39,51.39,55.45,55.45,25,25
Indonesia,IDN,NA,NA,NAT_TOTAL,20200830,2,0,2,0,2,0,4,0,0,NA,2,0,1,1,3,0,NA,1,0,0,2,1,1,1,0,0,4,1,0,NA,NA,172053,7343,59.72,59.72,60.24,60.24,51.39,51.39,55.45,55.45,25,25
Indonesia,IDN,NA,NA,NAT_TOTAL,20200831,2,0,2,0,2,0,4,0,0,NA,2,0,1,1,3,0,NA,1,0,0,2,1,1,1,0,0,4,1,0,NA,NA,174796,7417,59.72,59.72,60.24,60.24,51.39,51.39,55.45,55.45,25,25
Indonesia,IDN,NA,NA,NAT_TOTAL,20200901,2,0,2,0,2,0,4,0,0,NA,2,0,1,1,3,0,NA,1,0,0,2,1,1,1,0,0,4,1,0,NA,NA,177571,7505,59.72,59.72,60.24,60.24,51.39,51.39,55.45,55.45,25,25
Indonesia,IDN,NA,NA,NAT_TOTAL,20200902,2,0,2,0,2,0,4,0,0,NA,2,0,1,1,3,0,NA,1,0,0,2,1,1,1,0,0,4,1,0,NA,NA,180646,7616,59.72,59.72,60.24,60.24,51.39,51.39,55.45,55.45,25,25
Indonesia,IDN,NA,NA,NAT_TOTAL,20200903,2,0,2,0,2,0,4,0,0,NA,2,0,1,1,3,0,NA,1,0,0,2,1,1,1,0,0,4,1,0,NA,NA,184268,7750,59.72,59.72,60.24,60.24,51.39,51.39,55.45,55.45,25,25
Indonesia,IDN,NA,NA,NAT_TOTAL,20200904,2,0,2,0,2,0,4,0,0,NA,2,0,1,1,3,1,0,1,0,0,2,1,1,1,0,0,4,1,0,NA,NA,187537,7832,59.72,59.72,60.24,60.24,53.06,53.06,55.45,55.45,37.5,37.5
Indonesia,IDN,NA,NA,NAT_TOTAL,20200905,2,0,2,0,2,0,4,0,0,NA,2,0,1,1,3,1,0,1,0,0,2,1,1,1,0,0,4,1,0,NA,NA,190665,7940,59.72,59.72,60.24,60.24,53.06,53.06,55.45,55.45,37.5,37.5
Indonesia,IDN,NA,NA,NAT_TOTAL,20200906,2,0,2,0,2,0,4,0,0,NA,2,0,1,1,3,1,0,1,0,0,2,1,1,1,0,0,4,1,0,NA,NA,194109,8025,59.72,59.72,60.24,60.24,53.06,53.06,55.45,55.45,37.5,37.5
Indonesia,IDN,NA,NA,NAT_TOTAL,20200907,2,0,2,0,2,0,4,0,0,NA,2,0,1,1,3,1,0,1,0,0,2,1,1,1,0,0,4,1,0,NA,NA,196989,8130,59.72,59.72,60.24,60.24,53.06,53.06,55.45,55.45,37.5,37.5
Indonesia,IDN,NA,NA,NAT_TOTAL,20200908,2,0,2,0,2,0,4,0,0,NA,2,0,1,1,3,1,0,1,0,0,2,1,1,1,0,0,4,1,0,NA,NA,200035,8230,59.72,59.72,60.24,60.24,53.06,53.06,55.45,55.45,37.5,37.5
Indonesia,IDN,NA,NA,NAT_TOTAL,20200909,2,0,2,0,2,0,4,0,0,NA,2,0,1,1,3,1,0,1,0,0,2,1,1,1,0,0,4,1,0,NA,NA,203342,8336,59.72,59.72,60.24,60.24,53.06,53.06,55.45,55.45,37.5,37.5
Indonesia,IDN,NA,NA,NAT_TOTAL,20200910,2,0,2,0,2,0,4,0,0,NA,2,0,1,1,3,1,0,1,0,0,2,1,1,1,0,0,4,1,0,NA,NA,207203,8456,59.72,59.72,60.24,60.24,53.06,53.06,55.45,55.45,37.5,37.5
Indonesia,IDN,NA,NA,NAT_TOTAL,20200911,2,0,2,0,2,0,4,0,0,NA,2,0,1,1,3,1,0,1,0,0,2,1,1,1,0,0,4,1,0,NA,NA,210940,8544,59.72,59.72,60.24,60.24,53.06,53.06,55.45,55.45,37.5,37.5
Indonesia,IDN,NA,NA,NAT_TOTAL,20200912,2,0,2,0,2,0,4,0,0,NA,2,0,1,1,3,1,0,1,0,0,2,1,1,1,0,0,4,1,0,NA,NA,214746,8650,59.72,59.72,60.24,60.24,53.06,53.06,55.45,55.45,37.5,37.5
Indonesia,IDN,NA,NA,NAT_TOTAL,20200913,2,0,2,0,2,0,4,0,0,NA,2,0,1,1,3,1,0,1,0,0,2,1,1,1,0,0,4,1,0,NA,NA,218382,8723,59.72,59.72,60.24,60.24,53.06,53.06,55.45,55.45,37.5,37.5
Indonesia,IDN,NA,NA,NAT_TOTAL,20200914,2,0,3,0,2,0,4,0,1,0,2,0,2,0,3,1,0,1,0,0,2,1,1,1,0,0,4,1,0,NA,NA,221523,8841,68.98,68.98,68.57,68.57,58.61,58.61,61.86,61.86,37.5,37.5
Indonesia,IDN,NA,NA,NAT_TOTAL,20200915,2,0,3,0,2,0,4,0,1,0,2,0,2,0,3,1,0,1,0,0,2,1,1,1,0,0,4,1,0,NA,NA,225030,8965,68.98,68.98,68.57,68.57,58.61,58.61,61.86,61.86,37.5,37.5
Indonesia,IDN,NA,NA,NAT_TOTAL,20200916,2,0,3,0,2,0,4,0,1,0,2,0,2,0,3,1,0,1,0,0,2,1,1,1,0,0,4,1,0,NA,NA,228993,9100,68.98,68.98,68.57,68.57,58.61,58.61,61.86,61.86,37.5,37.5
Indonesia,IDN,NA,NA,NAT_TOTAL,20200917,2,0,3,0,2,0,4,0,1,0,2,0,2,0,3,1,0,1,0,0,2,1,1,1,0,0,4,1,0,NA,NA,232628,9222,68.98,68.98,68.57,68.57,58.61,58.61,61.86,61.86,37.5,37.5
Indonesia,IDN,NA,NA,NAT_TOTAL,20200918,2,0,3,0,2,0,4,0,1,0,2,0,2,0,3,1,0,1,0,0,2,1,1,1,0,0,4,1,0,NA,NA,236519,9336,68.98,68.98,68.57,68.57,58.61,58.61,61.86,61.86,37.5,37.5
Indonesia,IDN,NA,NA,NAT_TOTAL,20200919,2,0,3,0,2,0,4,0,1,0,2,0,2,0,3,1,0,1,0,0,2,1,1,1,0,0,4,1,0,NA,NA,240687,9448,68.98,68.98,68.57,68.57,58.61,58.61,61.86,61.86,37.5,37.5
Indonesia,IDN,NA,NA,NAT_TOTAL,20200920,2,0,3,0,2,0,4,0,1,0,2,0,2,0,3,1,0,1,0,0,2,1,1,1,0,0,4,1,0,NA,NA,244676,9553,68.98,68.98,68.57,68.57,58.61,58.61,61.86,61.86,37.5,37.5
Indonesia,IDN,NA,NA,NAT_TOTAL,20200921,2,0,3,0,2,0,4,0,1,0,2,0,2,0,3,1,0,1,0,0,2,1,1,1,0,0,4,1,0,NA,NA,248852,9677,68.98,68.98,68.57,68.57,58.61,58.61,61.86,61.86,37.5,37.5
Indonesia,IDN,NA,NA,NAT_TOTAL,20200922,2,0,3,0,2,0,4,0,1,0,2,0,2,0,3,1,0,1,0,0,2,1,1,1,0,0,4,1,0,NA,NA,252923,9837,68.98,68.98,68.57,68.57,58.61,58.61,61.86,61.86,37.5,37.5
Indonesia,IDN,NA,NA,NAT_TOTAL,20200923,3,0,3,0,2,0,4,0,1,0,2,0,2,0,3,1,0,1,0,0,2,1,1,1,0,0,4,1,0,NA,NA,257388,9977,72.69,72.69,72.14,72.14,60.83,60.83,64.42,64.42,37.5,37.5
Indonesia,IDN,NA,NA,NAT_TOTAL,20200924,3,0,3,0,2,0,4,0,1,0,2,0,2,0,3,1,0,1,482841497,0,2,1,1,1,0,0,4,1,0,NA,NA,262022,10105,72.69,72.69,72.14,72.14,60.83,60.83,64.42,64.42,37.5,37.5
Indonesia,IDN,NA,NA,NAT_TOTAL,20200925,3,0,3,0,2,0,4,0,1,0,2,0,2,0,3,1,0,1,0,0,2,1,1,1,0,0,4,1,0,NA,NA,266845,10218,72.69,72.69,72.14,72.14,60.83,60.83,64.42,64.42,37.5,37.5
Indonesia,IDN,NA,NA,NAT_TOTAL,20200926,3,0,3,0,2,0,4,0,1,0,2,0,2,0,3,1,0,1,0,0,2,1,1,1,0,0,4,1,0,NA,NA,271339,10308,72.69,72.69,72.14,72.14,60.83,60.83,64.42,64.42,37.5,37.5
Indonesia,IDN,NA,NA,NAT_TOTAL,20200927,3,0,3,0,2,0,4,0,1,0,2,0,2,0,3,1,0,1,0,0,2,1,1,1,0,0,4,1,0,NA,NA,275213,10386,72.69,72.69,72.14,72.14,60.83,60.83,64.42,64.42,37.5,37.5
Indonesia,IDN,NA,NA,NAT_TOTAL,20200928,3,0,3,0,2,0,4,0,1,0,2,0,2,0,3,1,0,1,0,0,2,1,1,1,0,NA,4,1,0,NA,NA,278722,10473,72.69,72.69,72.14,72.14,60.83,60.83,64.42,64.42,37.5,37.5
Indonesia,IDN,NA,NA,NAT_TOTAL,20200929,3,0,3,0,2,0,4,0,1,0,2,0,2,0,3,1,0,1,0,0,2,1,1,1,0,0,4,1,0,NA,NA,282724,10601,72.69,72.69,72.14,72.14,60.83,60.83,64.42,64.42,37.5,37.5
Indonesia,IDN,NA,NA,NAT_TOTAL,20200930,3,0,3,0,2,0,4,0,1,0,2,0,2,0,3,1,0,1,0,0,2,1,1,1,0,0,4,1,0,NA,NA,287008,10740,72.69,72.69,72.14,72.14,60.83,60.83,64.42,64.42,37.5,37.5
Indonesia,IDN,NA,NA,NAT_TOTAL,20201001,3,0,3,0,2,0,4,0,1,0,2,0,2,0,3,1,0,1,0,0,2,1,1,1,0,0,4,1,0,NA,NA,291182,10856,72.69,72.69,72.14,72.14,60.83,60.83,64.42,64.42,37.5,37.5
Indonesia,IDN,NA,NA,NAT_TOTAL,20201002,3,0,3,0,2,0,4,0,1,0,2,0,2,0,3,1,0,1,0,0,2,1,1,1,0,0,4,1,0,NA,NA,295499,10972,72.69,72.69,72.14,72.14,60.83,60.83,64.42,64.42,37.5,37.5
Indonesia,IDN,NA,NA,NAT_TOTAL,20201003,3,0,3,0,2,0,4,0,1,0,2,0,2,0,3,1,0,1,0,0,2,1,1,1,0,0,4,1,0,NA,NA,299506,11055,72.69,72.69,72.14,72.14,60.83,60.83,64.42,64.42,37.5,37.5
Indonesia,IDN,NA,NA,NAT_TOTAL,20201004,3,0,3,0,2,0,4,0,1,0,2,0,2,0,3,1,0,1,0,0,2,1,1,1,0,0,4,1,0,NA,NA,303498,11151,72.69,72.69,72.14,72.14,60.83,60.83,64.42,64.42,37.5,37.5
Indonesia,IDN,NA,NA,NAT_TOTAL,20201005,3,0,3,0,2,0,4,0,1,0,2,0,2,0,3,1,0,1,0,0,2,1,1,1,0,0,4,1,0,NA,NA,307120,11253,72.69,72.69,72.14,72.14,60.83,60.83,64.42,64.42,37.5,37.5
Indonesia,IDN,NA,NA,NAT_TOTAL,20201006,3,0,3,0,2,0,4,0,1,0,2,0,2,0,3,1,0,1,0,0,2,1,1,1,0,0,4,1,0,NA,NA,311176,11374,72.69,72.69,72.14,72.14,60.83,60.83,64.42,64.42,37.5,37.5
Indonesia,IDN,NA,NA,NAT_TOTAL,20201007,3,0,3,0,2,0,4,0,1,0,2,0,2,0,3,1,0,1,0,0,2,1,1,1,0,0,4,1,0,NA,NA,315714,11472,72.69,72.69,72.14,72.14,60.83,60.83,64.42,64.42,37.5,37.5
Indonesia,IDN,NA,NA,NAT_TOTAL,20201008,3,0,3,0,2,0,4,0,1,0,2,0,2,0,3,1,0,1,0,0,2,1,1,1,0,0,4,1,0,NA,NA,320564,11580,72.69,72.69,72.14,72.14,60.83,60.83,64.42,64.42,37.5,37.5
Indonesia,IDN,NA,NA,NAT_TOTAL,20201009,3,0,3,0,2,0,4,0,1,0,2,0,2,0,3,1,0,1,0,0,2,1,1,1,0,0,4,1,0,NA,NA,324658,11677,72.69,72.69,72.14,72.14,60.83,60.83,64.42,64.42,37.5,37.5
Indonesia,IDN,NA,NA,NAT_TOTAL,20201010,3,0,3,0,2,0,4,0,1,0,2,0,2,0,3,1,0,1,0,0,2,1,1,1,0,0,4,1,0,NA,NA,328952,11765,72.69,72.69,72.14,72.14,60.83,60.83,64.42,64.42,37.5,37.5
Indonesia,IDN,NA,NA,NAT_TOTAL,20201011,3,0,3,0,2,0,4,0,1,0,2,0,2,0,3,1,0,1,0,0,2,1,1,1,0,0,4,1,0,NA,NA,333449,11844,72.69,72.69,72.14,72.14,60.83,60.83,64.42,64.42,37.5,37.5
Indonesia,IDN,NA,NA,NAT_TOTAL,20201012,2,0,2,0,1,0,4,0,1,0,1,0,1,0,3,1,0,1,0,0,2,1,1,1,0,0,4,1,0,NA,NA,336716,11935,50.46,50.46,60.24,60.24,47.5,47.5,49.04,49.04,37.5,37.5
Indonesia,IDN,NA,NA,NAT_TOTAL,20201013,2,0,2,0,1,0,4,0,1,0,1,0,1,0,3,1,0,1,0,0,2,1,1,1,0,0,4,1,0,NA,NA,340622,12027,50.46,50.46,60.24,60.24,47.5,47.5,49.04,49.04,37.5,37.5
Indonesia,IDN,NA,NA,NAT_TOTAL,20201014,2,0,2,0,1,0,4,0,1,0,1,0,1,0,3,1,0,1,0,0,2,1,1,1,0,0,4,1,0,NA,NA,344749,12156,50.46,50.46,60.24,60.24,47.5,47.5,49.04,49.04,37.5,37.5
Indonesia,IDN,NA,NA,NAT_TOTAL,20201015,2,0,2,0,1,0,4,0,1,0,1,0,1,0,3,1,0,1,0,0,2,1,1,1,0,0,4,1,0,NA,NA,349160,12268,50.46,50.46,60.24,60.24,47.5,47.5,49.04,49.04,37.5,37.5
Indonesia,IDN,NA,NA,NAT_TOTAL,20201016,2,0,2,0,1,0,4,0,1,0,1,0,1,0,3,1,0,1,0,0,2,1,1,1,0,0,4,1,0,NA,NA,353461,12347,50.46,50.46,60.24,60.24,47.5,47.5,49.04,49.04,37.5,37.5
Indonesia,IDN,NA,NA,NAT_TOTAL,20201017,2,0,2,0,1,0,4,0,1,0,1,0,1,0,3,1,0,1,0,0,2,1,1,1,0,0,4,1,0,NA,NA,357762,12431,50.46,50.46,60.24,60.24,47.5,47.5,49.04,49.04,37.5,37.5
Indonesia,IDN,NA,NA,NAT_TOTAL,20201018,2,0,2,0,1,0,4,0,1,0,1,0,1,0,3,1,0,1,0,0,2,1,1,1,0,0,4,1,0,NA,NA,361867,12511,50.46,50.46,60.24,60.24,47.5,47.5,49.04,49.04,37.5,37.5
Indonesia,IDN,NA,NA,NAT_TOTAL,20201019,2,0,2,0,1,0,4,0,1,0,1,0,1,0,3,1,0,1,0,0,2,1,1,1,0,0,4,1,0,NA,NA,365240,12617,50.46,50.46,60.24,60.24,47.5,47.5,49.04,49.04,37.5,37.5
Indonesia,IDN,NA,NA,NAT_TOTAL,20201020,2,0,2,0,1,0,4,0,1,0,1,0,1,0,3,1,0,1,0,0,2,1,1,1,0,0,4,1,0,NA,NA,368842,12734,50.46,50.46,60.24,60.24,47.5,47.5,49.04,49.04,37.5,37.5
Indonesia,IDN,NA,NA,NAT_TOTAL,20201021,2,0,2,0,1,0,4,0,1,0,1,0,1,0,3,1,0,1,0,0,2,1,1,1,0,0,4,1,0,NA,NA,373109,12857,50.46,50.46,60.24,60.24,47.5,47.5,49.04,49.04,37.5,37.5
Indonesia,IDN,NA,NA,NAT_TOTAL,20201022,2,0,2,0,1,0,4,0,1,0,1,0,1,0,3,1,0,1,0,0,2,1,1,1,0,0,4,1,0,NA,NA,377541,12959,50.46,50.46,60.24,60.24,47.5,47.5,49.04,49.04,37.5,37.5
Indonesia,IDN,NA,NA,NAT_TOTAL,20201023,2,0,2,0,1,0,4,0,1,0,1,0,1,0,3,1,0,1,0,0,2,1,1,1,0,0,4,1,0,NA,NA,381910,13077,50.46,50.46,60.24,60.24,47.5,47.5,49.04,49.04,37.5,37.5
Indonesia,IDN,NA,NA,NAT_TOTAL,20201024,2,0,2,0,1,0,4,0,1,0,1,0,1,0,3,1,0,1,0,0,2,1,1,1,0,0,4,1,0,NA,NA,385980,13205,50.46,50.46,60.24,60.24,47.5,47.5,49.04,49.04,37.5,37.5
Indonesia,IDN,NA,NA,NAT_TOTAL,20201025,2,0,2,0,1,0,4,0,1,0,1,0,1,0,3,1,0,1,0,0,2,1,1,1,0,0,4,1,0,NA,NA,389712,13299,50.46,50.46,60.24,60.24,47.5,47.5,49.04,49.04,37.5,37.5
Indonesia,IDN,NA,NA,NAT_TOTAL,20201026,2,0,2,0,1,0,4,0,1,0,1,0,1,0,3,1,0,1,0,0,2,1,1,1,0,0,4,1,0,NA,NA,392934,13411,50.46,50.46,60.24,60.24,47.5,47.5,49.04,49.04,37.5,37.5
Indonesia,IDN,NA,NA,NAT_TOTAL,20201027,2,0,2,0,1,0,4,0,1,0,1,0,1,0,3,1,0,1,0,0,2,1,1,1,0,0,4,1,0,NA,NA,396454,13512,50.46,50.46,60.24,60.24,47.5,47.5,49.04,49.04,37.5,37.5
Indonesia,IDN,NA,NA,NAT_TOTAL,20201028,2,0,2,0,1,0,4,0,1,0,1,0,1,0,3,1,0,1,0,0,2,1,1,1,0,0,4,1,0,NA,NA,400483,13612,50.46,50.46,60.24,60.24,47.5,47.5,49.04,49.04,37.5,37.5
Indonesia,IDN,NA,NA,NAT_TOTAL,20201029,2,0,2,0,1,0,4,0,1,0,1,0,1,0,3,1,0,1,0,0,2,1,1,1,0,0,4,1,0,NA,NA,404048,13701,50.46,50.46,60.24,60.24,47.5,47.5,49.04,49.04,37.5,37.5
Indonesia,IDN,NA,NA,NAT_TOTAL,20201030,2,0,2,0,1,0,4,0,1,0,1,0,1,0,3,1,0,1,0,0,2,1,1,1,0,0,4,1,0,NA,NA,406945,13782,50.46,50.46,60.24,60.24,47.5,47.5,49.04,49.04,37.5,37.5
Indonesia,IDN,NA,NA,NAT_TOTAL,20201031,2,0,2,0,1,0,4,0,1,0,1,0,1,0,3,1,0,1,0,0,2,1,1,1,0,0,4,1,0,NA,NA,410088,13869,50.46,50.46,60.24,60.24,47.5,47.5,49.04,49.04,37.5,37.5
Indonesia,IDN,NA,NA,NAT_TOTAL,20201101,2,0,2,0,1,0,4,0,1,0,1,0,1,0,3,1,0,1,0,0,2,1,1,1,0,0,4,1,0,NA,NA,412784,13943,50.46,50.46,60.24,60.24,47.5,47.5,49.04,49.04,37.5,37.5
Indonesia,IDN,NA,NA,NAT_TOTAL,20201102,2,0,2,0,1,0,4,0,1,0,1,0,1,0,3,1,0,1,0,0,2,1,1,1,0,0,4,1,0,NA,NA,415402,14044,50.46,50.46,60.24,60.24,47.5,47.5,49.04,49.04,37.5,37.5
Indonesia,IDN,NA,NA,NAT_TOTAL,20201103,2,0,2,0,1,0,4,0,1,0,1,0,1,0,3,1,0,1,0,0,2,1,1,1,0,0,4,1,0,NA,NA,418375,14146,50.46,50.46,60.24,60.24,47.5,47.5,49.04,49.04,37.5,37.5
Indonesia,IDN,NA,NA,NAT_TOTAL,20201104,2,0,2,0,1,0,4,0,1,0,1,0,1,0,3,1,0,1,0,0,2,1,1,1,0,0,4,1,0,NA,NA,421731,14259,50.46,50.46,60.24,60.24,47.5,47.5,49.04,49.04,37.5,37.5
Indonesia,IDN,NA,NA,NAT_TOTAL,20201105,2,0,2,0,1,0,4,0,1,0,1,0,1,0,3,1,0,1,0,0,2,1,1,1,0,0,4,1,0,NA,NA,425796,14348,50.46,50.46,60.24,60.24,47.5,47.5,49.04,49.04,37.5,37.5
Indonesia,IDN,NA,NA,NAT_TOTAL,20201106,2,0,2,0,1,0,4,0,1,0,1,0,1,0,3,1,0,1,0,0,2,1,1,1,0,0,4,1,0,NA,NA,429574,14442,50.46,50.46,60.24,60.24,47.5,47.5,49.04,49.04,37.5,37.5
Indonesia,IDN,NA,NA,NAT_TOTAL,20201107,2,0,2,0,1,0,4,0,1,0,1,0,1,0,3,1,0,1,0,0,2,1,1,1,0,0,4,1,0,NA,NA,433836,14540,50.46,50.46,60.24,60.24,47.5,47.5,49.04,49.04,37.5,37.5
Indonesia,IDN,NA,NA,NAT_TOTAL,20201108,2,0,2,0,1,0,4,0,1,0,1,0,1,0,3,1,0,1,0,0,2,1,1,1,0,0,4,1,0,NA,NA,437716,14614,50.46,50.46,60.24,60.24,47.5,47.5,49.04,49.04,37.5,37.5
Indonesia,IDN,NA,NA,NAT_TOTAL,20201109,2,0,2,0,1,0,4,0,1,0,1,0,1,0,3,1,0,1,0,0,2,1,1,1,0,0,4,1,0,NA,NA,440569,14689,50.46,50.46,60.24,60.24,47.5,47.5,49.04,49.04,37.5,37.5
Indonesia,IDN,NA,NA,NAT_TOTAL,20201110,2,0,2,0,1,0,4,0,1,0,1,0,1,0,3,1,0,1,0,0,2,1,1,1,0,0,4,1,0,NA,NA,444348,14761,50.46,50.46,60.24,60.24,47.5,47.5,49.04,49.04,37.5,37.5
Indonesia,IDN,NA,NA,NAT_TOTAL,20201111,2,0,2,0,1,0,4,0,1,0,1,0,1,0,3,1,0,1,0,0,2,1,1,1,0,0,4,1,0,NA,NA,448118,14836,50.46,50.46,60.24,60.24,47.5,47.5,49.04,49.04,37.5,37.5
Indonesia,IDN,NA,NA,NAT_TOTAL,20201112,2,0,2,0,1,0,4,0,1,0,1,0,1,0,3,1,0,1,0,0,2,1,1,1,0,0,4,1,0,NA,NA,452291,14933,50.46,50.46,60.24,60.24,47.5,47.5,49.04,49.04,37.5,37.5
Indonesia,IDN,NA,NA,NAT_TOTAL,20201113,2,0,2,0,1,0,4,0,1,0,1,0,1,0,3,1,0,1,0,0,2,1,1,1,0,0,4,1,0,NA,NA,457735,15037,50.46,50.46,60.24,60.24,47.5,47.5,49.04,49.04,37.5,37.5
Indonesia,IDN,NA,NA,NAT_TOTAL,20201114,2,0,2,0,1,0,4,0,1,0,1,0,1,0,3,1,0,1,0,0,2,1,1,1,0,0,4,1,0,NA,NA,463007,15148,50.46,50.46,60.24,60.24,47.5,47.5,49.04,49.04,37.5,37.5
Indonesia,IDN,NA,NA,NAT_TOTAL,20201115,2,0,2,0,1,0,4,0,1,0,1,0,1,0,3,1,0,1,0,0,2,1,1,1,0,0,4,1,0,NA,NA,467113,15211,50.46,50.46,60.24,60.24,47.5,47.5,49.04,49.04,37.5,37.5
Indonesia,IDN,NA,NA,NAT_TOTAL,20201116,2,0,2,0,1,0,4,0,1,0,1,0,1,0,3,1,0,1,0,0,2,1,1,1,0,0,4,1,0,NA,NA,470648,15296,50.46,50.46,60.24,60.24,47.5,47.5,49.04,49.04,37.5,37.5
Indonesia,IDN,NA,NA,NAT_TOTAL,20201117,2,0,2,0,1,0,4,0,1,0,1,0,1,0,3,1,0,1,0,0,2,1,1,1,0,0,4,1,0,NA,NA,474455,15393,50.46,50.46,60.24,60.24,47.5,47.5,49.04,49.04,37.5,37.5
Indonesia,IDN,NA,NA,NAT_TOTAL,20201118,2,0,2,0,1,0,4,0,1,0,1,0,1,0,3,1,0,1,0,0,2,1,1,1,0,0,4,1,0,NA,NA,478720,15503,50.46,50.46,60.24,60.24,47.5,47.5,49.04,49.04,37.5,37.5
Indonesia,IDN,NA,NA,NAT_TOTAL,20201119,2,0,2,0,2,0,4,0,1,0,1,0,2,1,3,1,0,1,0,0,2,1,1,1,0,0,4,1,0,NA,NA,483518,15600,64.35,64.35,69.76,69.76,55.83,55.83,58.65,58.65,37.5,37.5
Indonesia,IDN,NA,NA,NAT_TOTAL,20201120,2,0,2,0,2,0,4,0,1,0,1,0,2,1,3,1,0,1,0,0,2,1,1,1,0,0,4,1,0,NA,NA,488310,15678,64.35,64.35,69.76,69.76,55.83,55.83,58.65,58.65,37.5,37.5
Indonesia,IDN,NA,NA,NAT_TOTAL,20201121,2,0,2,0,2,0,4,0,1,0,1,0,2,1,3,1,0,1,0,0,2,1,1,1,0,0,4,1,0,NA,NA,493308,15774,64.35,64.35,69.76,69.76,55.83,55.83,58.65,58.65,37.5,37.5
Indonesia,IDN,NA,NA,NAT_TOTAL,20201122,2,0,2,0,2,0,4,0,1,0,1,0,2,1,3,1,0,1,0,0,2,1,1,1,0,0,4,1,0,NA,NA,497668,15884,64.35,64.35,69.76,69.76,55.83,55.83,58.65,58.65,37.5,37.5
Indonesia,IDN,NA,NA,NAT_TOTAL,20201123,2,0,2,0,2,0,4,0,1,0,1,0,2,1,3,1,0,1,0,0,2,1,1,1,0,0,4,1,0,NA,NA,502110,16002,64.35,64.35,69.76,69.76,55.83,55.83,58.65,58.65,37.5,37.5
Indonesia,IDN,NA,NA,NAT_TOTAL,20201124,2,0,2,0,2,0,4,0,1,0,1,0,2,1,3,1,0,1,0,0,2,1,1,1,0,0,4,1,0,NA,NA,506302,16111,64.35,64.35,69.76,69.76,55.83,55.83,58.65,58.65,37.5,37.5
Indonesia,IDN,NA,NA,NAT_TOTAL,20201125,2,0,2,0,2,0,4,0,1,0,1,0,2,1,3,1,0,1,0,0,2,1,1,1,0,0,4,1,0,NA,NA,511836,16225,64.35,64.35,69.76,69.76,55.83,55.83,58.65,58.65,37.5,37.5
Indonesia,IDN,NA,NA,NAT_TOTAL,20201126,2,0,2,0,2,0,4,0,1,0,1,0,2,1,3,1,0,1,0,0,2,1,1,1,0,0,4,1,0,NA,NA,516753,16352,64.35,64.35,69.76,69.76,55.83,55.83,58.65,58.65,37.5,37.5
Indonesia,IDN,NA,NA,NAT_TOTAL,20201127,2,0,2,0,2,0,4,0,1,0,1,0,2,1,3,1,0,1,0,0,2,1,1,1,0,0,4,1,0,NA,NA,522581,16521,64.35,64.35,69.76,69.76,55.83,55.83,58.65,58.65,37.5,37.5
Indonesia,IDN,NA,NA,NAT_TOTAL,20201128,2,0,2,0,2,0,4,0,1,0,1,0,2,1,3,1,0,1,0,0,2,1,1,1,0,0,4,1,0,NA,NA,527999,16646,64.35,64.35,69.76,69.76,55.83,55.83,58.65,58.65,37.5,37.5
Indonesia,IDN,NA,NA,NAT_TOTAL,20201129,2,0,2,0,2,0,4,0,1,0,1,0,2,1,3,1,0,1,0,0,2,1,1,1,0,0,4,1,0,NA,NA,534266,16815,64.35,64.35,69.76,69.76,55.83,55.83,58.65,58.65,37.5,37.5
Indonesia,IDN,NA,NA,NAT_TOTAL,20201130,2,0,2,0,2,0,4,0,1,0,1,0,2,1,3,1,0,1,0,0,2,1,1,1,0,0,4,1,0,NA,NA,538883,16945,64.35,64.35,69.76,69.76,55.83,55.83,58.65,58.65,37.5,37.5
Indonesia,IDN,NA,NA,NAT_TOTAL,20201201,2,0,2,0,2,0,4,0,1,0,1,0,2,1,3,1,0,1,0,0,2,1,1,1,0,0,4,1,0,NA,NA,543975,17081,64.35,64.35,69.76,69.76,55.83,55.83,58.65,58.65,37.5,37.5
Indonesia,IDN,NA,NA,NAT_TOTAL,20201202,2,0,2,0,2,0,4,0,1,0,1,0,2,1,3,1,0,1,0,0,2,1,1,1,0,0,4,1,0,NA,NA,549508,17199,64.35,64.35,69.76,69.76,55.83,55.83,58.65,58.65,37.5,37.5
Indonesia,IDN,NA,NA,NAT_TOTAL,20201203,2,0,2,0,2,0,4,0,1,0,1,0,2,1,3,1,0,1,0,0,2,1,1,1,0,0,4,1,0,NA,NA,557877,17355,64.35,64.35,69.76,69.76,55.83,55.83,58.65,58.65,37.5,37.5
Indonesia,IDN,NA,NA,NAT_TOTAL,20201204,2,0,2,0,2,0,4,0,1,0,1,0,2,1,3,1,0,1,0,0,2,1,1,1,0,0,4,1,0,NA,NA,563680,17479,64.35,64.35,69.76,69.76,55.83,55.83,58.65,58.65,37.5,37.5
Indonesia,IDN,NA,NA,NAT_TOTAL,20201205,2,0,2,0,2,0,4,0,1,0,1,0,2,1,3,1,0,1,0,0,2,1,1,1,0,0,4,1,0,NA,NA,569707,17589,64.35,64.35,69.76,69.76,55.83,55.83,58.65,58.65,37.5,37.5
Indonesia,IDN,NA,NA,NAT_TOTAL,20201206,2,0,2,0,2,0,4,0,1,0,1,0,2,1,3,1,0,1,0,0,2,1,1,1,0,0,4,1,0,NA,NA,575796,17740,64.35,64.35,69.76,69.76,55.83,55.83,58.65,58.65,37.5,37.5
Indonesia,IDN,NA,NA,NAT_TOTAL,20201207,2,0,2,0,2,0,4,0,1,0,1,0,2,1,1,1,0,1,0,0,2,1,1,1,0,0,4,1,0,NA,NA,581550,17867,58.8,58.8,62.62,62.62,52.5,52.5,54.81,54.81,37.5,37.5
Indonesia,IDN,NA,NA,NAT_TOTAL,20201208,2,0,2,0,2,0,4,0,1,0,1,0,2,1,1,1,0,1,0,0,2,1,1,1,0,0,4,1,0,NA,NA,586842,18000,58.8,58.8,62.62,62.62,52.5,52.5,54.81,54.81,37.5,37.5
Indonesia,IDN,NA,NA,NAT_TOTAL,20201209,2,0,2,0,2,0,4,0,1,0,1,0,2,1,1,1,0,1,0,0,2,1,1,1,0,0,4,1,0,NA,NA,592900,18171,58.8,58.8,62.62,62.62,52.5,52.5,54.81,54.81,37.5,37.5
Indonesia,IDN,NA,NA,NAT_TOTAL,20201210,2,0,2,0,2,0,4,0,1,0,1,0,2,1,1,1,0,1,0,0,2,1,1,1,0,0,4,1,0,NA,NA,598933,18336,58.8,58.8,62.62,62.62,52.5,52.5,54.81,54.81,37.5,37.5
Indonesia,IDN,NA,NA,NAT_TOTAL,20201211,2,0,2,0,2,0,4,0,1,0,1,0,2,1,1,1,0,1,0,0,2,1,1,1,0,0,4,1,0,NA,NA,605243,18511,58.8,58.8,62.62,62.62,52.5,52.5,54.81,54.81,37.5,37.5
Indonesia,IDN,NA,NA,NAT_TOTAL,20201212,2,0,2,0,2,0,4,0,1,0,1,0,2,1,1,1,0,1,0,0,2,1,1,1,0,0,4,1,0,NA,NA,611631,18653,58.8,58.8,62.62,62.62,52.5,52.5,54.81,54.81,37.5,37.5
Indonesia,IDN,NA,NA,NAT_TOTAL,20201213,2,0,2,0,2,0,4,0,1,0,1,0,2,1,1,1,0,1,0,0,2,1,1,1,0,0,4,1,0,NA,NA,617820,18819,58.8,58.8,62.62,62.62,52.5,52.5,54.81,54.81,37.5,37.5
Indonesia,IDN,NA,NA,NAT_TOTAL,20201214,2,0,2,0,2,0,4,0,1,0,1,0,2,1,1,1,0,1,0,0,2,1,1,1,0,0,4,1,0,NA,NA,623309,18956,58.8,58.8,62.62,62.62,52.5,52.5,54.81,54.81,37.5,37.5
Indonesia,IDN,NA,NA,NAT_TOTAL,20201215,2,0,2,0,2,0,4,0,1,0,1,0,2,1,1,1,0,1,0,0,2,1,1,1,0,0,4,1,0,NA,NA,629429,19111,58.8,58.8,62.62,62.62,52.5,52.5,54.81,54.81,37.5,37.5
Indonesia,IDN,NA,NA,NAT_TOTAL,20201216,2,0,2,0,2,0,4,0,1,0,1,0,2,1,1,1,0,1,0,0,2,1,1,1,0,0,4,1,0,NA,NA,636154,19248,58.8,58.8,62.62,62.62,52.5,52.5,54.81,54.81,37.5,37.5
Indonesia,IDN,NA,NA,NAT_TOTAL,20201217,2,0,2,0,2,0,4,0,1,0,1,0,2,1,1,1,0,1,0,0,2,1,1,1,0,0,4,1,0,NA,NA,643508,19390,58.8,58.8,62.62,62.62,52.5,52.5,54.81,54.81,37.5,37.5
Indonesia,IDN,NA,NA,NAT_TOTAL,20201218,2,0,2,0,2,0,4,0,1,0,1,0,2,1,1,1,0,1,0,0,2,1,1,1,0,0,4,1,0,NA,NA,650197,19514,58.8,58.8,62.62,62.62,52.5,52.5,54.81,54.81,37.5,37.5
Indonesia,IDN,NA,NA,NAT_TOTAL,20201219,2,0,2,0,2,0,4,0,1,0,1,0,2,1,1,1,0,1,0,0,2,1,1,1,0,0,4,1,0,NA,NA,657948,19659,58.8,58.8,62.62,62.62,52.5,52.5,54.81,54.81,37.5,37.5
Indonesia,IDN,NA,NA,NAT_TOTAL,20201220,2,0,2,0,2,0,4,0,1,0,1,0,2,1,1,1,0,1,0,0,2,1,1,1,0,0,4,1,0,NA,NA,664930,19880,58.8,58.8,62.62,62.62,52.5,52.5,54.81,54.81,37.5,37.5
Indonesia,IDN,NA,NA,NAT_TOTAL,20201221,2,0,2,0,2,0,4,0,1,0,1,0,2,1,3,1,0,1,0,0,2,1,1,1,0,0,4,1,0,NA,NA,671778,20085,64.35,64.35,69.76,69.76,55.83,55.83,58.65,58.65,37.5,37.5
Indonesia,IDN,NA,NA,NAT_TOTAL,20201222,2,0,2,0,2,0,4,0,1,0,1,0,2,1,3,1,0,1,0,0,2,1,1,1,0,0,4,1,0,NA,NA,678125,20257,64.35,64.35,69.76,69.76,55.83,55.83,58.65,58.65,37.5,37.5
Indonesia,IDN,NA,NA,NAT_TOTAL,20201223,2,0,2,0,2,0,4,0,1,0,1,0,2,1,3,1,0,1,0,0,2,1,1,1,0,0,4,1,0,NA,NA,685639,20408,64.35,64.35,69.76,69.76,55.83,55.83,58.65,58.65,37.5,37.5
Indonesia,IDN,NA,NA,NAT_TOTAL,20201224,2,0,2,0,2,0,4,0,1,0,1,0,2,1,3,1,0,1,0,0,2,1,1,1,0,0,4,1,0,NA,NA,692838,20589,64.35,64.35,69.76,69.76,55.83,55.83,58.65,58.65,37.5,37.5
Indonesia,IDN,NA,NA,NAT_TOTAL,20201225,2,0,2,0,2,0,4,0,1,0,1,0,2,1,3,1,0,1,0,0,2,1,1,1,0,0,4,1,0,NA,NA,700097,20847,64.35,64.35,69.76,69.76,55.83,55.83,58.65,58.65,37.5,37.5
Indonesia,IDN,NA,NA,NAT_TOTAL,20201226,2,0,2,0,2,0,4,0,1,0,1,0,2,1,3,1,0,1,0,0,2,1,1,1,0,0,4,1,0,NA,NA,706837,20994,64.35,64.35,69.76,69.76,55.83,55.83,58.65,58.65,37.5,37.5
Indonesia,IDN,NA,NA,NAT_TOTAL,20201227,2,0,2,0,2,0,4,0,1,0,1,0,2,1,3,1,0,1,0,0,2,1,1,1,0,0,4,1,0,NA,NA,713365,21237,64.35,64.35,69.76,69.76,55.83,55.83,58.65,58.65,37.5,37.5
Indonesia,IDN,NA,NA,NAT_TOTAL,20201228,2,0,2,0,2,0,4,0,1,0,1,0,2,1,3,1,0,1,0,0,2,1,1,1,0,0,4,1,0,NA,NA,719219,21452,64.35,64.35,69.76,69.76,55.83,55.83,58.65,58.65,37.5,37.5
Indonesia,IDN,NA,NA,NAT_TOTAL,20201229,2,0,2,0,2,0,4,0,1,0,1,0,2,1,3,1,0,1,0,0,2,1,1,1,0,0,4,1,0,NA,NA,727122,21703,64.35,64.35,69.76,69.76,55.83,55.83,58.65,58.65,37.5,37.5
Indonesia,IDN,NA,NA,NAT_TOTAL,20201230,2,0,2,0,2,0,4,0,1,0,1,0,2,1,3,1,0,1,0,0,2,1,1,1,0,0,4,1,0,NA,NA,735124,21944,64.35,64.35,69.76,69.76,55.83,55.83,58.65,58.65,37.5,37.5
Indonesia,IDN,NA,NA,NAT_TOTAL,20201231,2,0,2,0,2,0,4,0,1,0,1,0,2,1,3,1,0,1,0,0,2,1,1,1,0,0,4,1,0,NA,NA,743198,22138,64.35,64.35,69.76,69.76,55.83,55.83,58.65,58.65,37.5,37.5
Indonesia,IDN,NA,NA,NAT_TOTAL,20210101,2,0,2,0,2,0,4,0,1,0,1,0,2,1,3,1,0,1,0,0,2,1,1,1,0,0,4,1,0,NA,NA,751270,22329,64.35,64.35,69.76,69.76,55.83,55.83,58.65,58.65,37.5,37.5
Indonesia,IDN,NA,NA,NAT_TOTAL,20210102,2,0,2,0,2,0,4,0,1,0,1,0,2,1,3,1,0,1,0,0,2,1,1,1,0,0,4,1,0,NA,NA,758473,22555,64.35,64.35,69.76,69.76,55.83,55.83,58.65,58.65,37.5,37.5
Indonesia,IDN,NA,NA,NAT_TOTAL,20210103,2,0,2,0,2,0,4,0,1,0,1,0,2,1,3,1,0,1,0,0,2,1,1,1,0,0,4,1,0,NA,NA,765350,22734,64.35,64.35,69.76,69.76,55.83,55.83,58.65,58.65,37.5,37.5
Indonesia,IDN,NA,NA,NAT_TOTAL,20210104,2,0,2,0,2,0,4,0,1,0,1,0,2,1,3,1,0,1,0,0,2,1,1,1,0,0,4,1,0,NA,NA,772103,22911,64.35,64.35,69.76,69.76,55.83,55.83,58.65,58.65,37.5,37.5
Indonesia,IDN,NA,NA,NAT_TOTAL,20210105,2,0,2,0,2,0,4,0,1,0,1,0,2,1,3,1,0,1,0,0,2,1,1,1,0,0,4,1,0,NA,NA,779548,23109,64.35,64.35,69.76,69.76,55.83,55.83,58.65,58.65,37.5,37.5
Indonesia,IDN,NA,NA,NAT_TOTAL,20210106,2,0,2,0,2,0,4,0,1,0,1,0,2,1,3,1,0,1,0,0,2,1,1,1,0,0,4,1,0,NA,NA,788402,23296,64.35,64.35,69.76,69.76,55.83,55.83,58.65,58.65,37.5,37.5
Indonesia,IDN,NA,NA,NAT_TOTAL,20210107,2,0,2,0,2,0,4,0,1,0,1,0,2,1,3,1,0,1,0,0,2,1,1,1,0,0,4,1,0,NA,NA,797723,23520,64.35,64.35,69.76,69.76,55.83,55.83,58.65,58.65,37.5,37.5
Indonesia,IDN,NA,NA,NAT_TOTAL,20210108,2,0,2,0,2,0,4,0,1,0,1,0,2,1,3,1,0,1,0,0,2,1,1,1,0,0,4,1,0,NA,NA,808340,23753,64.35,64.35,69.76,69.76,55.83,55.83,58.65,58.65,37.5,37.5
Indonesia,IDN,NA,NA,NAT_TOTAL,20210109,2,0,2,0,2,0,4,0,1,0,1,0,2,1,3,1,0,1,0,0,2,1,1,1,0,0,4,1,0,NA,NA,818386,23947,64.35,64.35,69.76,69.76,55.83,55.83,58.65,58.65,37.5,37.5
Indonesia,IDN,NA,NA,NAT_TOTAL,20210110,2,0,2,0,2,0,4,0,1,0,1,0,2,1,3,1,0,1,0,0,2,1,1,1,0,0,4,1,0,NA,NA,828026,24129,64.35,64.35,69.76,69.76,55.83,55.83,58.65,58.65,37.5,37.5
Indonesia,IDN,NA,NA,NAT_TOTAL,20210111,2,0,2,0,2,0,4,0,1,0,1,0,2,1,3,1,0,1,0,0,2,1,1,1,0,0,4,1,0,NA,NA,836718,24343,64.35,64.35,69.76,69.76,55.83,55.83,58.65,58.65,37.5,37.5
Indonesia,IDN,NA,NA,NAT_TOTAL,20210112,2,0,2,0,2,0,4,0,1,0,1,0,2,1,3,1,0,1,0,0,2,1,1,1,0,0,4,1,2,1,NA,846765,24645,64.35,64.35,69.76,69.76,58.5,58.5,61.73,61.73,37.5,37.5
Indonesia,IDN,NA,NA,NAT_TOTAL,20210113,2,0,2,0,2,0,4,0,1,0,1,0,2,1,3,1,0,1,0,0,2,1,1,1,0,0,4,1,2,1,NA,858043,24951,64.35,64.35,69.76,69.76,58.5,58.5,61.73,61.73,37.5,37.5
Indonesia,IDN,NA,NA,NAT_TOTAL,20210114,2,0,2,0,2,0,4,0,1,0,1,0,2,1,3,1,0,1,0,0,2,1,1,1,0,0,4,1,2,1,NA,869600,25246,64.35,64.35,69.76,69.76,58.5,58.5,61.73,61.73,37.5,37.5
Indonesia,IDN,NA,NA,NAT_TOTAL,20210115,2,0,2,0,2,0,4,0,1,0,1,0,2,1,3,1,0,1,0,0,2,1,1,1,0,0,4,1,2,1,NA,882418,25484,64.35,64.35,69.76,69.76,58.5,58.5,61.73,61.73,37.5,37.5
Indonesia,IDN,NA,NA,NAT_TOTAL,20210116,2,0,2,0,2,0,4,0,1,0,1,0,2,1,3,1,0,1,0,0,2,1,1,1,0,0,4,1,2,1,NA,896642,25767,64.35,64.35,69.76,69.76,58.5,58.5,61.73,61.73,37.5,37.5
Indonesia,IDN,NA,NA,NAT_TOTAL,20210117,2,0,2,0,2,0,4,0,1,0,1,0,2,1,3,1,0,1,0,0,2,1,1,1,0,0,4,1,2,1,NA,907929,25987,64.35,64.35,69.76,69.76,58.5,58.5,61.73,61.73,37.5,37.5
Indonesia,IDN,NA,NA,NAT_TOTAL,20210118,2,0,2,0,2,0,4,0,1,0,1,0,2,1,3,1,0,1,0,0,2,1,1,1,0,0,4,1,2,1,NA,917015,26282,64.35,64.35,69.76,69.76,58.5,58.5,61.73,61.73,37.5,37.5
Indonesia,IDN,NA,NA,NAT_TOTAL,20210119,2,0,2,0,2,0,4,0,1,0,1,0,2,1,3,1,0,1,0,0,2,1,1,1,0,0,4,1,2,1,NA,927380,26590,64.35,64.35,69.76,69.76,58.5,58.5,61.73,61.73,37.5,37.5
Indonesia,IDN,NA,NA,NAT_TOTAL,20210120,2,0,2,0,2,0,4,0,1,0,1,0,2,1,3,1,0,1,0,0,2,1,1,1,0,0,4,1,2,1,NA,939948,26857,64.35,64.35,69.76,69.76,58.5,58.5,61.73,61.73,37.5,37.5
Indonesia,IDN,NA,NA,NAT_TOTAL,20210121,2,0,2,0,2,0,4,0,1,0,1,0,2,1,3,1,0,1,0,0,2,1,1,1,0,0,4,1,2,1,NA,951651,27203,64.35,64.35,69.76,69.76,58.5,58.5,61.73,61.73,37.5,37.5
Indonesia,IDN,NA,NA,NAT_TOTAL,20210122,2,0,2,0,2,0,4,0,1,0,1,0,2,1,3,1,0,1,0,0,2,1,1,1,0,0,4,1,2,1,NA,965283,27453,64.35,64.35,69.76,69.76,58.5,58.5,61.73,61.73,37.5,37.5
Indonesia,IDN,NA,NA,NAT_TOTAL,20210123,2,0,2,0,2,0,4,0,1,0,1,0,2,1,3,1,0,1,0,0,2,1,1,1,0,0,4,1,2,1,NA,977474,27664,64.35,64.35,69.76,69.76,58.5,58.5,61.73,61.73,37.5,37.5
Indonesia,IDN,NA,NA,NAT_TOTAL,20210124,2,0,2,0,2,0,4,0,1,0,1,0,2,1,3,1,0,1,0,0,2,1,1,1,0,0,4,1,2,1,NA,989262,27835,64.35,64.35,69.76,69.76,58.5,58.5,61.73,61.73,37.5,37.5
Indonesia,IDN,NA,NA,NAT_TOTAL,20210125,2,0,2,0,2,0,4,0,1,0,1,0,2,1,3,1,0,1,0,0,2,1,1,1,0,0,4,1,2,1,NA,999256,28132,64.35,64.35,69.76,69.76,58.5,58.5,61.73,61.73,37.5,37.5
Indonesia,IDN,NA,NA,NAT_TOTAL,20210126,2,0,2,0,2,0,4,0,1,0,1,0,2,1,3,1,0,1,0,0,2,1,1,1,0,0,4,1,2,1,NA,1012350,28468,64.35,64.35,69.76,69.76,58.5,58.5,61.73,61.73,37.5,37.5
Indonesia,IDN,NA,NA,NAT_TOTAL,20210127,2,0,2,0,2,0,4,0,1,0,1,0,2,1,3,1,0,1,0,0,2,1,1,1,0,0,4,1,2,1,NA,1024298,28855,64.35,64.35,69.76,69.76,58.5,58.5,61.73,61.73,37.5,37.5
Indonesia,IDN,NA,NA,NAT_TOTAL,20210128,2,0,2,0,2,0,4,0,1,0,1,0,2,1,3,1,0,1,0,0,2,1,1,1,0,0,4,1,2,1,NA,1037993,29331,64.35,64.35,69.76,69.76,58.5,58.5,61.73,61.73,37.5,37.5
Indonesia,IDN,NA,NA,NAT_TOTAL,20210129,2,0,2,0,2,0,4,0,1,0,1,0,2,1,3,1,0,1,0,0,2,1,1,1,0,0,4,1,2,1,NA,1051795,29518,64.35,64.35,69.76,69.76,58.5,58.5,61.73,61.73,37.5,37.5
Indonesia,IDN,NA,NA,NAT_TOTAL,20210130,2,0,2,0,2,0,4,0,1,0,1,0,2,1,3,1,0,1,0,0,2,1,1,1,0,0,4,1,2,1,NA,1066313,29728,64.35,64.35,69.76,69.76,58.5,58.5,61.73,61.73,37.5,37.5
Indonesia,IDN,NA,NA,NAT_TOTAL,20210131,2,0,2,0,2,0,4,0,1,0,2,1,1,1,3,1,0,1,0,0,2,1,1,1,0,0,4,1,2,1,NA,1078314,29998,64.35,64.35,66.19,66.19,58.5,58.5,61.73,61.73,37.5,37.5
Indonesia,IDN,NA,NA,NAT_TOTAL,20210201,2,0,2,0,2,0,4,0,1,0,2,1,1,1,3,1,0,1,0,0,2,1,1,1,0,0,4,1,2,1,NA,1089308,30277,64.35,64.35,66.19,66.19,58.5,58.5,61.73,61.73,37.5,37.5
Indonesia,IDN,NA,NA,NAT_TOTAL,20210202,2,0,2,0,2,0,4,0,1,0,2,1,1,1,3,1,0,1,0,0,2,1,1,1,0,0,4,1,2,1,NA,1099687,30581,64.35,64.35,66.19,66.19,58.5,58.5,61.73,61.73,37.5,37.5
Indonesia,IDN,NA,NA,NAT_TOTAL,20210203,2,0,2,0,2,0,4,0,1,0,2,1,1,1,3,1,0,1,0,0,2,1,1,1,0,0,4,1,2,1,NA,1111671,30770,64.35,64.35,66.19,66.19,58.5,58.5,61.73,61.73,37.5,37.5
Indonesia,IDN,NA,NA,NAT_TOTAL,20210204,2,0,2,0,2,0,4,0,1,0,2,1,1,1,3,1,0,1,0,0,2,1,1,1,0,0,4,1,2,1,NA,1123105,31001,64.35,64.35,66.19,66.19,58.5,58.5,61.73,61.73,37.5,37.5
Indonesia,IDN,NA,NA,NAT_TOTAL,20210205,2,0,2,0,2,0,4,0,1,0,2,1,1,1,3,1,0,1,0,0,2,1,1,1,0,0,4,1,2,1,NA,1134854,31202,64.35,64.35,66.19,66.19,58.5,58.5,61.73,61.73,37.5,37.5
Indonesia,IDN,NA,NA,NAT_TOTAL,20210206,2,0,2,0,2,0,4,0,1,0,2,1,1,1,3,1,0,1,0,0,2,1,1,1,0,0,4,1,2,1,NA,1147010,31393,64.35,64.35,66.19,66.19,58.5,58.5,61.73,61.73,37.5,37.5
Indonesia,IDN,NA,NA,NAT_TOTAL,20210207,2,0,2,0,2,0,4,0,1,0,2,1,1,1,3,1,0,1,0,0,2,1,1,1,0,0,4,1,2,1,NA,1157837,31556,64.35,64.35,66.19,66.19,58.5,58.5,61.73,61.73,37.5,37.5
Indonesia,IDN,NA,NA,NAT_TOTAL,20210208,2,0,2,0,2,0,4,0,1,0,2,0,2,0,3,1,0,1,0,0,2,1,3,1,0,0,4,1,2,1,NA,1166079,31763,65.28,65.28,65,65,63.5,63.5,67.5,67.5,37.5,37.5
Indonesia,IDN,NA,NA,NAT_TOTAL,20210209,2,0,2,0,2,0,4,0,1,0,2,0,2,0,3,1,0,1,0,0,2,1,3,1,0,0,4,1,2,1,NA,1174779,31976,65.28,65.28,65,65,63.5,63.5,67.5,67.5,37.5,37.5
Indonesia,IDN,NA,NA,NAT_TOTAL,20210210,2,0,2,0,2,0,4,0,1,0,2,0,2,0,3,1,0,1,0,0,2,1,3,1,0,0,4,1,2,1,NA,1183555,32167,65.28,65.28,65,65,63.5,63.5,67.5,67.5,37.5,37.5
Indonesia,IDN,NA,NA,NAT_TOTAL,20210211,2,0,2,0,2,0,4,0,1,0,2,0,2,0,3,1,0,1,0,0,2,1,3,1,0,0,4,1,2,1,NA,1191990,32381,65.28,65.28,65,65,63.5,63.5,67.5,67.5,37.5,37.5
Indonesia,IDN,NA,NA,NAT_TOTAL,20210212,2,0,2,0,2,0,4,0,1,0,2,0,2,0,3,1,0,1,0,0,2,1,3,1,0,0,4,1,2,1,NA,1201859,32656,65.28,65.28,65,65,63.5,63.5,67.5,67.5,37.5,37.5
Indonesia,IDN,NA,NA,NAT_TOTAL,20210213,2,0,2,0,2,0,4,0,1,0,2,0,2,0,3,1,0,1,0,0,2,1,3,1,0,0,4,1,2,1,NA,1210703,32936,65.28,65.28,65,65,63.5,63.5,67.5,67.5,37.5,37.5
Indonesia,IDN,NA,NA,NAT_TOTAL,20210214,2,0,2,0,2,0,4,0,1,0,2,0,2,0,3,1,0,1,0,0,2,1,3,1,0,0,4,1,2,1,NA,1217468,33183,65.28,65.28,65,65,63.5,63.5,67.5,67.5,37.5,37.5
Indonesia,IDN,NA,NA,NAT_TOTAL,20210215,2,0,2,0,2,0,4,0,1,0,2,0,2,0,3,1,0,1,0,0,2,1,3,1,0,0,4,1,2,1,NA,1223930,33367,65.28,65.28,65,65,63.5,63.5,67.5,67.5,37.5,37.5
Indonesia,IDN,NA,NA,NAT_TOTAL,20210216,2,0,2,0,2,0,4,0,1,0,2,0,2,0,3,1,0,1,0,0,2,1,3,1,0,0,4,1,2,1,NA,1233959,33596,65.28,65.28,65,65,63.5,63.5,67.5,67.5,37.5,37.5
Indonesia,IDN,NA,NA,NAT_TOTAL,20210217,2,0,2,0,2,0,4,0,1,0,2,0,2,0,3,1,0,1,0,0,2,1,3,1,0,0,4,1,2,1,NA,1243646,33788,65.28,65.28,65,65,63.5,63.5,67.5,67.5,37.5,37.5
Indonesia,IDN,NA,NA,NAT_TOTAL,20210218,2,0,2,0,2,0,4,0,1,0,2,0,2,0,3,1,0,1,0,0,2,1,3,1,0,0,4,1,2,1,NA,1252685,33969,65.28,65.28,65,65,63.5,63.5,67.5,67.5,37.5,37.5
Indonesia,IDN,NA,NA,NAT_TOTAL,20210219,2,0,2,0,2,0,4,0,1,0,2,0,2,0,3,1,0,1,0,0,2,1,3,1,0,0,4,1,2,1,NA,1263299,34152,65.28,65.28,65,65,63.5,63.5,67.5,67.5,37.5,37.5
Indonesia,IDN,NA,NA,NAT_TOTAL,20210220,2,0,2,0,2,0,4,0,1,0,2,0,2,0,3,1,0,1,0,0,2,1,3,1,0,0,4,1,2,1,NA,1271353,34316,65.28,65.28,65,65,63.5,63.5,67.5,67.5,37.5,37.5
Indonesia,IDN,NA,NA,NAT_TOTAL,20210221,2,0,2,0,2,0,4,0,1,0,2,0,2,0,3,1,0,1,0,0,2,1,3,1,0,0,4,1,2,1,NA,1278653,34489,65.28,65.28,65,65,63.5,63.5,67.5,67.5,37.5,37.5
Indonesia,IDN,NA,NA,NAT_TOTAL,20210222,2,0,2,0,2,0,4,0,1,0,2,0,2,0,3,1,0,1,0,0,2,1,3,1,0,0,4,1,2,1,NA,1288833,34691,65.28,65.28,65,65,63.5,63.5,67.5,67.5,37.5,37.5
Indonesia,IDN,NA,NA,NAT_TOTAL,20210223,2,0,2,0,2,0,4,0,1,0,2,0,2,0,3,1,0,1,0,0,2,1,3,2,0,0,4,1,2,1,NA,1298608,35014,65.28,65.28,65,65,66.83,66.83,71.35,71.35,37.5,37.5
Indonesia,IDN,NA,NA,NAT_TOTAL,20210224,2,0,2,0,2,0,4,0,1,0,2,0,2,0,3,1,0,1,0,0,2,1,3,2,0,0,4,1,2,1,NA,1306141,35254,65.28,65.28,65,65,66.83,66.83,71.35,71.35,37.5,37.5
Indonesia,IDN,NA,NA,NAT_TOTAL,20210225,2,0,2,0,2,0,4,0,1,0,2,0,2,0,3,1,0,1,0,0,2,1,3,2,0,0,4,1,2,1,NA,1314634,35518,65.28,65.28,65,65,66.83,66.83,71.35,71.35,37.5,37.5
Indonesia,IDN,NA,NA,NAT_TOTAL,20210226,2,0,2,0,2,0,4,0,1,0,2,0,2,0,3,1,0,1,0,0,2,1,3,2,0,0,4,1,2,1,NA,1322866,35786,65.28,65.28,65,65,66.83,66.83,71.35,71.35,37.5,37.5
Indonesia,IDN,NA,NA,NAT_TOTAL,20210227,2,0,2,0,2,0,4,0,1,0,2,0,2,0,3,1,0,1,0,0,2,1,3,2,0,0,4,1,2,1,NA,1329074,35981,65.28,65.28,65,65,66.83,66.83,71.35,71.35,37.5,37.5
Indonesia,IDN,NA,NA,NAT_TOTAL,20210228,2,0,2,0,2,0,4,0,1,0,2,0,2,0,3,1,0,1,0,0,2,1,3,2,0,0,4,1,2,1,NA,1334634,36166,65.28,65.28,65,65,66.83,66.83,71.35,71.35,37.5,37.5
Indonesia,IDN,NA,NA,NAT_TOTAL,20210301,3,0,2,0,2,0,4,0,1,0,2,0,2,0,3,1,0,1,0,0,2,1,3,2,0,0,4,1,2,1,NA,1341314,36325,68.98,68.98,68.57,68.57,69.06,69.06,73.91,73.91,37.5,37.5
Indonesia,IDN,NA,NA,NAT_TOTAL,20210302,3,0,2,0,2,0,4,0,1,0,2,0,2,0,3,1,0,1,0,0,2,1,3,2,0,0,4,1,2,1,NA,1347026,36518,68.98,68.98,68.57,68.57,69.06,69.06,73.91,73.91,37.5,37.5
Indonesia,IDN,NA,NA,NAT_TOTAL,20210303,3,0,2,0,2,0,4,0,1,0,2,0,2,0,3,1,0,1,0,0,2,1,3,2,0,0,4,1,2,1,NA,1353834,36721,68.98,68.98,68.57,68.57,69.06,69.06,73.91,73.91,37.5,37.5
Indonesia,IDN,NA,NA,NAT_TOTAL,20210304,3,0,2,0,2,0,4,0,1,0,2,0,2,0,3,1,0,1,0,0,2,1,3,2,0,0,4,1,2,1,NA,1361098,36897,68.98,68.98,68.57,68.57,69.06,69.06,73.91,73.91,37.5,37.5
Indonesia,IDN,NA,NA,NAT_TOTAL,20210305,3,0,2,0,2,0,4,0,1,0,2,0,2,0,3,1,0,1,0,0,2,1,3,2,0,0,4,1,2,1,NA,1368069,37026,68.98,68.98,68.57,68.57,69.06,69.06,73.91,73.91,37.5,37.5
Indonesia,IDN,NA,NA,NAT_TOTAL,20210306,3,0,2,0,2,0,4,0,1,0,2,0,2,0,3,1,0,1,0,0,2,1,3,2,0,0,4,1,2,1,NA,1373836,37154,68.98,68.98,68.57,68.57,69.06,69.06,73.91,73.91,37.5,37.5
Indonesia,IDN,NA,NA,NAT_TOTAL,20210307,3,0,2,0,2,0,4,0,1,0,2,0,2,0,3,1,0,1,0,0,2,1,3,2,0,0,4,1,2,1,NA,1379662,37266,68.98,68.98,68.57,68.57,69.06,69.06,73.91,73.91,37.5,37.5
Indonesia,IDN,NA,NA,NAT_TOTAL,20210308,3,0,2,0,2,0,4,0,1,0,2,0,2,0,3,1,0,1,0,0,2,1,3,2,0,0,4,1,2,1,NA,1386556,37547,68.98,68.98,68.57,68.57,69.06,69.06,73.91,73.91,37.5,37.5
Indonesia,IDN,NA,NA,NAT_TOTAL,20210309,3,0,2,0,2,0,4,0,1,0,2,0,2,0,3,1,0,1,0,0,2,1,3,2,0,0,4,1,2,1,NA,1392945,37757,68.98,68.98,68.57,68.57,69.06,69.06,73.91,73.91,37.5,37.5
Indonesia,IDN,NA,NA,NAT_TOTAL,20210310,NA,NA,NA,NA,NA,NA,NA,NA,NA,NA,NA,NA,NA,NA,NA,NA,NA,NA,NA,NA,NA,NA,NA,NA,NA,NA,NA,NA,NA,NA,NA,1398578,37932,NA,68.98,NA,68.57,NA,69.06,NA,73.91,NA,37.5
Indonesia,IDN,NA,NA,NAT_TOTAL,20210311,NA,NA,NA,NA,NA,NA,NA,NA,NA,NA,NA,NA,NA,NA,NA,NA,NA,NA,NA,NA,NA,NA,NA,NA,NA,NA,NA,NA,NA,NA,NA,1403722,38049,NA,68.98,NA,68.57,NA,69.06,NA,73.91,NA,37.5
Indonesia,IDN,NA,NA,NAT_TOTAL,20210312,NA,NA,NA,NA,NA,NA,NA,NA,NA,NA,NA,NA,NA,NA,NA,NA,NA,NA,NA,NA,NA,NA,NA,NA,NA,NA,NA,NA,NA,NA,NA,1410134,38229,NA,68.98,NA,68.57,NA,69.06,NA,73.91,NA,37.5
Indonesia,IDN,NA,NA,NAT_TOTAL,20210313,NA,NA,NA,NA,NA,NA,NA,NA,NA,NA,NA,NA,NA,NA,NA,NA,NA,NA,NA,NA,NA,NA,NA,NA,NA,NA,NA,NA,NA,NA,NA,1414741,38329,NA,68.98,NA,68.57,NA,69.06,NA,73.91,NA,37.5
Indonesia,IDN,NA,NA,NAT_TOTAL,20210314,NA,NA,NA,NA,NA,NA,NA,NA,NA,NA,NA,NA,NA,NA,NA,NA,NA,NA,NA,NA,NA,NA,NA,NA,NA,NA,NA,NA,NA,NA,NA,1419455,38426,NA,68.98,NA,68.57,NA,69.06,NA,73.91,NA,37.5
Indonesia,IDN,NA,NA,NAT_TOTAL,20210315,NA,NA,NA,NA,NA,NA,NA,NA,NA,NA,NA,NA,NA,NA,NA,NA,NA,NA,NA,NA,NA,NA,NA,NA,NA,NA,NA,NA,NA,NA,NA,NA,NA,NA,68.98,NA,68.57,NA,69.06,NA,73.91,NA,37.5
